0.05,0.018069,0.045314,-0.06829618892444314,0.059508,-0.05798608582124343,0.13258570793660174,0.07196480944802212,0.2356711266978624,0.032286683182988954,-0.19130498826029377,-0.168403268415289,-0.2039480792656735,-0.2112099954751904,0.04831423956737571,0.27208296499812457,0.29718424930905374,0.09259076438113038,0.4677847495172567,0.0970050605974595,-0.25091015222116514,-0.16712319676092835,-0.3254353869099775,-0.22672141268129656,-0.31619553862773675,-0.4045501258100821,0.11644778642514651,0.2987682821324441,0.16988,0.52247,0.35678,0.081449,0.56428,0.12234,-0.4399,-0.54266,0.10352,0.50369,0.36722,0.12342,0.28915,0.30798,-0.20664,-0.86325,-0.63267,-0.028207,0.36109,0.37022,0.011912,-0.051188,0.0090237,-0.13893,-0.46848,-1.0305,-0.76678
0.05,0.01427,0.055551,-0.0657090369922219,0.068865,-0.08921501026387671,0.14648541374761592,0.07969377237851953,0.30138394610039426,0.11496270079737034,-0.2663497721043286,-0.21404598651932957,-0.2550381656271018,-0.29842090540217664,-0.10587460365735073,0.4405585711033122,0.41256011042626956,0.16467709343327533,0.5889270002680678,0.26724200497800304,0.01751811825956009,-0.33155515237703054,-0.5269412903566192,-0.38819828689199287,-0.3972721762756059,-0.5277914922751928,-0.1419875636719839,0.09311695871459863,0.56333,0.77302,0.65211,0.26368,0.67355,0.27234,-0.19597,-0.31115,0.59429,0.74019,0.67555,0.37343,0.34143,0.3079,-0.12747,-0.55117,-0.50434,0.5948,0.6253,0.4336,0.1928,0.066475,0.096392,-0.12665,-0.46633,-0.80028,-0.61645
0.05,-0.00043777,0.036157,-0.002438880272353933,0.023429,-0.0717273020227056,-0.0043665602703661785,-0.002371294386006008,0.08103940450028137,0.13771856485362285,0.018224638575300992,0.0007505570702364513,0.02848037838259731,-0.10921260562302347,-0.2717378825500255,-0.029935846199779122,-0.01960272443154385,-0.0016980094307255903,-0.09910635751742085,0.24752789187049848,0.6265459022181694,0.03195597005363215,0.027562051235991966,0.008534451344514632,0.23775560765538675,0.011857313288688685,-0.6479800075206618,-0.5495852924292278,-0.084893,-0.086198,-0.018841,-0.0078958,-0.48201,0.26882,1.0763,0.97797,-0.12669,-0.090287,-0.059172,-0.00079774,-0.505,-0.27207,0.69843,1.5164,1.2465,-0.18463,-0.1766,-0.087635,0.039447,0.00059513,-0.039928,0.43726,0.95832,1.8002,1.3754
0.05,-0.013846,0.052173,0.052943564717345584,0.062743,-0.08295009245875772,-0.14282359517023843,-0.08040192343236091,0.26000971637839065,0.10374420626392927,0.25740104482961285,0.20169279192654355,-0.2092044730611805,-0.25595689966803525,-0.08430863330922866,-0.4326658065125874,-0.4059280296771901,-0.16339387183049175,0.48475109126697236,0.19581935744301618,-0.014761146078188705,0.31732899263552977,0.5095819423517108,0.3696414325733815,-0.32351135334012965,-0.420291610220093,-0.05968785210585483,0.13780885108476873,-0.50392,-0.69384,-0.62524,-0.24895,0.54163,0.17655,-0.28114,-0.37495,-0.48513,-0.67043,-0.6231,-0.35597,0.29458,0.25383,-0.19127,-0.6298,-0.56578,-0.41968,-0.4307,-0.3233,-0.21708,-0.052398,0.098591,-0.10874,-0.47095,-0.8631,-0.7137
0.05,-0.016164,0.043409,0.05905566554452552,0.058682,-0.052682263361227916,-0.12459432739420738,-0.06820744326822842,0.23256874583615939,0.022872784885688308,0.17925533775532182,0.16153676095474304,-0.20445310533622219,-0.19307247194090363,0.060439154884901786,-0.23937872173572222,-0.2756426822817989,-0.09982921863345182,0.4757644998982783,0.060574729471266305,-0.30179126606952744,0.11483108606720752,0.31432071020572433,0.2203805570550529,-0.3344181114296582,-0.3731273922620374,0.16757120485569862,0.31930482342628574,-0.084752,-0.41235,-0.3388,-0.09513,0.59402,0.061461,-0.56713,-0.59667,0.024466,-0.35508,-0.3186,-0.1309,0.3256,0.30096,-0.28314,-0.952,-0.76208,0.20614,-0.15333,-0.22463,-0.057053,0.043932,0.033831,-0.16063,-0.58436,-1.1543,-0.76709
0.05,0.043581,0.049079,-0.13522034805126262,0.082063,-0.003960847448275427,0.16436370444892948,0.2061493177073382,0.22856035994404758,-0.1364194445265584,-0.0157732000531142,-0.41796604747975274,-0.2588413211379686,-0.003567290642006227,0.33939303203278054,-0.4211890152629692,0.3512159025787358,0.35931108555125174,0.3834564612625143,-0.37373383802662496,-0.5248748593132878,0.49043192573696753,0.014843038844563767,-0.576865609805056,-0.34622888323650763,0.017470236715753155,0.8714996638634211,0.026922964517200998,-0.7166,-0.84932,0.45432,0.42722,0.36273,-0.50599,-0.7314,0.65797,-0.10215,-1.2587,-0.055986,0.45724,0.28837,0.0070423,-0.7398,-0.033873,1.35,1.2154,-0.97884,-0.40181,0.19155,0.12675,0.19959,-0.10799,-0.30173,1.0047,1.4382
0.05,0.021138,0.038184,-0.07176032089574833,0.012425,-0.027100886449949232,0.10826945869146294,0.03515523668633078,0.02440585369036169,-0.015628417534585295,-0.11581093679864701,-0.0318988384559541,0.09804308160615754,0.0014658721387583494,0.06808898872311352,0.08363563386762535,0.03139421868832973,-0.06187206582942469,-0.17777170077022209,-0.02060654466615148,-0.19071299213951554,0.03739457983240113,-0.007337614509906638,0.14140645407169627,0.2851075113487582,0.11253956647718243,-0.14290870634640823,0.16954491430138563,-0.27753,0.090186,-0.22138,-0.19779,-0.38571,0.070663,0.18708,-0.2324,-0.59988,0.080286,-0.14312,-0.28286,-0.36834,-0.10856,0.42041,0.19918,-0.15072,-1.0255,0.066147,0.045051,-0.16304,-0.11523,-0.18657,0.18474,0.45933,0.15904,0.11377
0.05,0.0073227,0.02635,-0.01882283787076809,-0.022908,-0.02294615136434564,0.013570268845575353,-0.030849202211039813,-0.11877863222149312,0.014198204156335254,0.0007622411134026613,0.14319710178796832,0.23079691424076337,0.1719085371471429,-0.014538963254972932,-0.021086462728776147,-0.3030038239939274,-0.1465402923291441,-0.5154383192423104,-0.15902530421098793,0.027929901741493478,0.018110469821653583,0.43915546145492707,0.39825588698842174,0.4402546803352599,0.4908471921292489,0.07077665534844907,-0.03561627686601018,-0.012959,-0.66351,-0.68776,-0.25708,-0.67775,-0.29887,0.17649,0.071056,0.0097116,-0.70692,-0.74897,-0.36952,-0.33121,-0.33497,0.072275,0.46092,0.062241,0.060958,-0.59377,-0.57151,-0.15739,0.0047801,-0.0094507,0.037895,0.37399,0.73693,0.024967
0.05,-2.1475e-05,0.029096,-0.0009996477740931023,-0.021394,-0.02789957447979217,-0.0017253627532231519,-0.0019950817000912824,-0.09530486552453689,0.014566681921829897,0.007569060604435197,0.005463002027391976,0.16942078668734287,0.17834882408339367,0.0025768862276636132,-0.007134057770801714,-0.0039474591496855855,0.0029102923744820457,-0.31787255309742,-0.28836226024724115,-0.0510391674875567,0.003554812935710063,0.002087061351879338,0.009917886328392961,0.18194950160558873,0.37883970388786403,0.528505609450978,0.0556937276185973,0.0046571,0.018393,0.01794,0.0011815,-0.11705,-0.47533,-0.69106,-0.09294,0.011273,0.025205,0.010227,-0.012423,0.15676,0.042562,-0.54275,-0.89849,-0.088097,0.030048,0.065522,0.048987,-0.021155,-0.0086133,-0.11929,-0.39109,-0.5531,-0.98183,-0.070277
0.05,-0.0087109,0.026386,0.015139764974310207,-0.022191,-0.023002882686799665,-0.0158433839071031,0.03365205218044563,-0.11516971218369791,0.00940693028827366,0.006494480829918856,-0.14552215336479876,0.21693446393692617,0.15743621756031595,-0.004863991614780921,0.012707350991066945,0.3013686555397133,0.14903444135990654,-0.45356044279779806,-0.14974476594354638,0.004106203151340801,-0.006274261741733315,-0.40706036560229847,-0.390293993412531,0.3912537886575161,0.4252208633102176,0.04096782044502353,-0.010587673496797201,-0.011634,0.62771,0.64235,0.24904,-0.56742,-0.233,0.18008,0.039507,-0.055304,0.60653,0.66474,0.35532,-0.27499,-0.26878,0.099151,0.44596,0.019982,-0.10727,0.45566,0.45522,0.15552,-0.021216,-0.022105,-0.0016697,0.37826,0.71071,-0.045654
0.05,-0.022367,0.033317,0.05927582280815131,0.011443,-0.022393299065136808,-0.1016262355768643,-0.026088522857484284,0.018157164450329832,-0.020429257652328003,0.10974460312496864,0.020575619982249955,0.08676347892026949,0.005414134551074827,0.06738414853261326,-0.0825736024385562,-0.002138617524247546,0.049735681234084256,-0.1702632376600259,0.0038970761298391826,-0.17005963678708894,-0.047247112921962514,0.02346152345038061,-0.13028308869345528,0.26426497286608275,0.0943746162912936,-0.1661675588756234,0.13847869849371666,0.31418,-0.13612,0.22804,0.16675,-0.3885,0.1162,0.29606,-0.17794,0.63478,-0.2122,0.11247,0.24469,-0.37553,-0.1133,0.45758,0.28612,-0.0041393,0.99333,-0.15194,-0.12415,0.20846,0.13208,-0.2004,0.24173,0.53779,0.25367,0.35258
0.05,-0.037862,0.041781,0.11146525767219309,0.067978,-0.002499292848817713,-0.1391997885504116,-0.18204837847996336,0.17595715878455265,-0.1333724168503527,-0.027814304706664152,0.34269521886161586,-0.18046952031240868,0.0015665081671443171,0.33381849494433846,0.4553163279340498,-0.321752401425475,-0.2826431131708584,0.28904905205670983,-0.3323557613473453,-0.49947989478502813,-0.47995479443518446,-0.047873578075921325,0.4554310597538729,-0.2351607534667806,-0.004355311340302948,0.8174263956778671,-0.0165109217434816,0.60409,0.85838,-0.43071,-0.32718,0.30591,-0.46032,-0.72784,0.74519,-0.15022,1.3232,-0.015262,-0.33497,0.23819,0.015288,-0.65454,0.014846,1.3449,-1.44,0.90785,0.39094,-0.23713,-0.15468,0.19783,-0.17687,-0.37657,1.0196,1.0989
0.05,0.045929,0.019205,-0.06584283422425967,0.068557,0.060141876074496385,-0.03843515734469493,0.22917910408016307,0.07407826584997347,-0.1305970234243514,0.2157461233271162,-0.17434627408129952,-0.26613843252467256,0.24223856489325718,0.06593405572922323,-0.3103740733464489,-0.1271064174191862,0.47647283259413237,0.11178077178032401,-0.2597050829911111,0.38657792501815735,-0.1974680200436338,0.381570371742846,-0.21414717355806762,-0.4497719358592767,0.4879358206503566,0.20586442174962571,-0.40159802827678726,0.78372,-0.59954,-0.1657,0.77483,0.097171,-0.36237,0.56328,-0.22681,-0.053318,0.55881,-0.40086,0.13284,0.50484,-0.42072,-0.3496,1.1716,-1.0037,-1.1092,1.4869,-0.71206,-0.00031764,0.31056,0.021134,0.045191,0.33249,-0.35533,-0.22492
0.05,0.022871,0.022806,-0.0576070064230984,0.0021889,0.013849116952011983,0.01237263876968013,-0.017991797446924723,0.00993201150911215,-0.08834608733277813,0.10656188388824506,-0.001978901374784564,0.13814009027682544,-0.03961771306865686,0.05280715005656781,-0.13714172597706817,-0.025524878007023476,-0.21995502684332555,-0.08831923455268682,0.019566936894576458,0.10497193236959612,0.025381857995040797,-0.018966198324821795,0.19833085853554464,0.3504392434199557,-0.18305499153835364,-0.21452754928290244,-0.14531604338748969,0.20263,0.33562,-0.072622,-0.51333,-0.18882,0.27462,0.12346,0.28055,0.65038,0.16663,0.18234,-0.31215,-0.44722,0.17846,0.51209,-0.31493,-0.086012,0.22774,-0.20626,0.56716,-0.17963,-0.2555,-0.19568,0.1132,0.041914,-0.17853,-1.0747
0.05,0.018764,0.021617,-0.027407754813700645,-0.032441,0.002642122295937258,0.0009404791830652012,-0.07449868103395205,-0.10692918461166118,-0.010227147622042985,0.008750341438134369,0.24191401126031128,0.21079169785433363,0.006834244000546321,-0.002969956465434996,-0.017431282599448834,-0.25692457382765904,-0.21333107307684412,-0.26549539958977497,0.20165016027367136,0.017419334735063567,-0.019505741634439116,0.025073403035771172,0.3806662818331356,0.22016919265454293,0.02389934807810709,-0.4675018392388027,-0.017325358166312154,0.045876,0.28417,-0.29439,-0.12719,-0.16646,0.27716,0.34265,-0.017052,0.010613,0.57681,-0.023062,-0.072047,0.011025,-0.013222,0.16114,0.037248,0.018455,0.12372,0.50766,-0.09363,0.10656,0.15111,0.13523,-0.13136,-0.062278,-0.43174,0.13709
0.05,0.009542,0.022263,-0.01969981790985202,-0.040128,-0.01182681216335674,0.013907308202524282,-0.031737068910477916,-0.08971646176878782,-0.0042156454613241304,-0.003073698589297649,0.08084660651173217,0.06469487030274068,0.0678722466990605,-0.00046494491959187065,-0.004348531169000003,-0.1058187585369957,0.0321989217808321,0.08038661289874778,-0.04299045302473418,-0.005797225116068181,0.0008266571730417846,0.10737481793475367,-0.2209358297228878,-0.19750188574246058,-0.1578063733679599,-0.018590633047043118,-0.0050501593312167,0.013117,-0.1011,0.42859,0.26399,0.5153,-0.014053,0.065616,0.021212,0.042649,-0.077199,0.5212,0.45248,0.31606,0.2445,-0.20732,0.114,0.026703,0.041244,0.030956,0.46157,0.22139,0.0078434,0.065093,-0.045977,-0.43531,0.18862,-0.043804
0.05,-0.00058959,0.019024,-0.001577955901114536,-0.043176,-0.01387803880267482,-0.0008199052537145989,0.0002555651693972446,-0.1012213529200855,0.0087965799382492,0.0011561682388777663,-0.00855282173736772,0.04556675021434551,0.08276658834040927,-0.011855934988503802,0.00017457635736646578,0.0075429000470540325,0.0108368968032258,0.1095207350952293,-0.05144417970107637,0.008617874677076554,0.00019281951261166137,-0.012325053262393585,-0.0018792397401902609,-0.12846202333077103,-0.30770184768292963,0.024663595107712308,-0.001752222795357611,-0.0060574,0.015168,-0.0011033,-0.0068019,0.25331,0.48972,-0.024689,0.0041318,-0.01072,0.025513,-0.030702,0.00062737,-0.12415,0.15812,0.6187,-0.042086,0.019473,-0.021295,0.012368,-0.042371,0.0051038,0.0091462,0.02117,0.43225,0.62678,-0.03204,0.052024
0.05,-0.0094485,0.0208,0.015003535065326297,-0.033289,-0.00991407669355878,-0.01423927929846646,0.029631658466367988,-0.07517096282604231,-0.00516530242040824,0.008342704325306594,-0.06928001815335044,0.05090559724586051,0.051062574194882034,0.008931383068224136,-0.0018921552507981346,0.09516883530041889,-0.04405516644880429,0.08916326721043784,-0.03124729111804327,-0.006345245715044268,-0.0035751771400947103,-0.08268447728615021,0.21137081021889315,-0.19027814650127628,-0.1218258375736493,-0.02512416644492449,-0.001340675082396695,-0.0085181,0.080042,-0.41857,-0.25777,0.45143,-0.030965,0.080118,0.011165,-0.018309,0.02521,-0.46829,-0.4305,0.29362,0.20151,-0.25496,0.13245,0.004811,-0.0067996,-0.057506,-0.35936,-0.22697,-0.0072099,0.10131,-0.052637,-0.47854,0.16146,-0.043352
0.05,-0.014876,0.016389,0.015071650019818252,-0.029821,0.0004681668957103039,-0.0005766540666955927,0.07410711515712211,-0.08937465078004267,-0.007321605959639392,-0.008960569383114729,-0.21150364040260847,0.17551201949743045,-0.005241869965544216,0.002608621865246002,0.01784502685345344,0.20833671118815555,0.1967485967310141,-0.22942050122295515,0.20241885132208573,-0.00519099822496568,0.005184165161439966,0.015175808576961089,-0.3509502380931972,0.19390257186794232,-0.0033096270187807967,-0.41204685704161215,0.00020258799685253498,-0.035481,-0.29306,0.24863,0.14948,-0.14474,0.25947,0.26354,-0.025425,-0.02361,-0.51187,-0.0076709,0.073764,0.0079127,-0.0038435,0.16385,-0.069019,0.019773,-0.15584,-0.40245,0.086713,-0.086194,-0.13302,0.10225,-0.13539,-0.06308,-0.52826,0.10746
0.05,-0.035147,0.027375,0.06738393506964017,0.01418,0.02420647662592231,-0.024987793828533285,-0.005399324488835001,0.03193805005680607,-0.11177513192214586,-0.11598307466300375,0.015850550212326783,0.09220642316224452,-0.010911835752151737,0.055475558534937186,0.17779144010459075,-0.001103586361707453,0.17499708688664745,-0.056461286152321,-0.030799200482504174,0.16312959260702525,-0.046290067274203484,0.03882509127181777,-0.15928265157167132,0.2962235318728518,-0.1671328013124115,-0.1552125406405051,-0.20409923795808815,-0.22843,-0.31873,0.078646,0.45407,-0.19145,0.22435,0.12901,0.33074,-0.67337,-0.13968,-0.21378,0.29593,-0.43517,0.20497,0.43206,-0.25988,-0.1701,-0.095836,0.2754,-0.55525,0.18351,0.31645,-0.22186,0.17945,0.065808,0.024782,-1.117
0.05,-0.049719,0.024917,0.0627764449336486,0.070943,0.06788403302116332,0.04851846261762571,-0.23272581019856192,0.09826448195720573,-0.1425253100637613,-0.22298568031743876,0.18144094080873074,-0.24932827903355098,0.23928545771273244,0.039812179057007714,0.24777219593320424,0.13869478515992062,-0.4736804700923006,0.15452866945905852,-0.3026861617347671,0.3603774948286184,0.214435791753527,-0.4103712987080149,0.2773318295512158,-0.42089371988930474,0.4979348757985523,0.11632716059873378,-0.32720412152936645,-0.67847,0.60202,0.18059,-0.77641,0.15121,-0.42289,0.57808,-0.30158,0.19855,-0.63964,0.49893,-0.218,0.46731,-0.45225,-0.24699,1.042,-0.85443,0.95408,-1.3733,0.6918,0.019968,-0.34956,0.1041,-0.0051513,0.41235,-0.54503,0.029246
0.05,0.052606,0.020296,-0.07222861120788052,0.065009,0.08507918561909113,-0.12417746292640211,0.22072889822760203,0.10747965130437927,-0.1575478651185429,0.2941970393807632,-0.24936721397856215,-0.21805788927753456,0.27711036245051757,-0.10012771947342379,0.01442307198832617,-0.24365025600369775,0.40907658813244296,0.217134898958483,-0.39596963274417174,0.5409081852123386,-0.3361388973215606,0.592757611232785,-0.4252672154753579,-0.30640205669009407,0.43575199669421083,-0.14980631042037165,-0.09180993938006615,0.29375,-0.13309,-0.26165,0.55494,0.28356,-0.70267,0.75733,-0.55253,-0.55943,0.74623,-0.73426,0.41115,0.25871,-0.2445,-0.071756,0.43682,-0.45391,-0.56674,0.66126,-0.34554,0.067178,0.10837,0.24289,-0.080354,0.43488,-0.55003,0.53293
0.05,0.025484,0.0078332,-0.0148417620484079,-0.022739,0.025565803607075617,-0.03362411058403671,-0.09841157342686145,-0.04936217407344148,-0.01254123523008851,0.009822601624407604,0.15208444846949776,0.22387084241609528,-0.15233634806770757,-0.03711880996480949,0.042883142505031537,0.10465078106969994,-0.3608563735377024,-0.17809303300033033,0.28885909714438707,0.025290102017640276,-0.02145149459048454,-0.4191473669654456,0.39035668548793173,0.3909691917465077,-0.4408519163882705,0.0021089780850630166,0.047470942230219804,-0.04988,0.21027,0.23081,-0.59518,-0.25507,0.62309,-0.60306,-0.044734,-0.094383,-0.62555,0.6829,-0.33575,-0.29122,0.30535,0.097962,-0.53165,0.016775,-0.067715,-0.73446,0.33728,0.0039581,-0.043374,-0.13662,0.0055196,-0.468,0.54307,0.16779
0.05,0.019872,0.012354,-0.0182426444191134,-0.040806,0.013380805447048366,-0.004626688766537665,-0.06825028938241041,-0.04822554958074676,-0.015001296722156911,0.010248062941629764,0.08060215015435514,0.06977398964083062,-0.07746356182899887,-0.006141024162290972,0.0036608460538248315,0.0451306493363081,0.06331975667988898,0.06489304387036154,0.10232965224989059,0.013801882068000943,-0.008723507058483248,-0.10490209574187685,-0.23857917094280306,-0.20490977592606208,0.11197737060539632,-0.026462016519683683,0.00789496860153506,-0.0065868,0.095419,0.059496,0.48324,0.26116,-0.44111,-0.099994,-0.018705,-0.040337,-0.07679,-0.52863,0.43992,0.29766,-0.1936,-0.26561,-0.17916,-0.0048029,-0.066557,-0.18472,-0.46109,0.066301,0.049872,0.18609,-0.00094884,0.44246,-0.012595,0.026906
0.05,0.0078553,0.010141,-0.007394364845491011,-0.050426,2.0973903624914536e-05,0.002387531053755148,-0.03814375315052527,-0.060285025629446196,-0.004694666556467166,1.2297480196208928e-05,0.04305799955204077,-0.029208028190367497,-0.002754976727136352,-0.0020764853504281976,0.0010551269071233387,-0.007751510979038857,0.10034431462893537,0.1347453151587271,0.01608345404590851,0.0029999796516328287,0.0003850201836766515,-0.003861218569995651,-0.16909843937726882,0.009541529966426395,-0.024565951754653467,-0.016580568139638527,0.004529638881239139,-0.002309,0.015185,0.13268,-0.17136,-0.21796,-0.1231,0.0086668,0.011075,-0.00032659,0.0054325,0.0015279,-0.57221,-0.42175,-0.021467,-0.15727,-0.023788,-0.0033404,-0.014762,0.00579,-0.10686,-0.45569,-0.20462,-0.43643,0.19169,-0.11647,0.014022,0.0019558
0.05,-0.00086831,0.010808,-0.00027851718356371424,-0.061104,-0.0043504025291263996,-0.00029739288522362195,0.001097455607978388,-0.0653147262831098,0.00015535117074732486,0.0011581704097823413,-0.0019147994855168086,-0.051806398849247405,0.022392301716723663,-0.006143282503542152,-0.0008053386961945068,-0.0018971000966623885,0.00284848085502402,0.15644595176537107,-0.004615989745728163,-0.00407899968844099,-0.0013611635693992338,-0.0006087925859954067,0.009527404258754228,0.13692459618458022,-0.09855193240290426,-0.011859711933213668,0.0013118389683285721,-0.0014236,0.0042146,-0.0041741,-0.022268,-0.40808,0.039664,-0.016214,-0.0028774,0.00178,-0.0055368,-0.013563,0.020041,-0.075298,-0.52007,0.0077304,-0.023308,0.0086126,0.0087806,-0.0047503,-0.0046009,0.029457,-0.0086211,0.45917,-0.51886,-0.013355,-0.013449,0.013466
0.05,-0.009199,0.0093357,0.005387649632619076,-0.046531,5.843326212764574e-05,-0.000158433839071031,0.04867556605042848,-0.05399515434257758,-0.00469502086201091,-0.002927320362798547,-0.05340230612353732,-0.022295355016550677,-0.003222237870381084,-0.0009600327518837179,0.002945358378906038,0.015321833105759833,-0.08461219851424574,0.10847104981020901,0.02453343100981941,0.0013987595094054404,0.0026766336059919275,0.005712575013184492,0.15291492791311306,-0.0019128260618718833,0.01120476450893696,-0.03821426180754784,0.0033607551526250567,0.0018023,-0.0064023,-0.11737,0.20431,-0.2043,-0.13865,0.015574,0.0095015,-0.0045169,-0.021651,0.020665,0.55861,-0.41433,0.024043,-0.16015,-0.026405,0.0028428,0.0055421,0.00012821,0.14701,0.42285,0.21254,-0.49717,0.20366,-0.083569,0.012834,0.001267
0.05,-0.017497,0.010503,0.011976555141242712,-0.035095,0.010271595262906302,-0.0033778692544742606,0.06971300811379036,-0.039250608840121035,-0.016488198987406128,-0.009684036747780013,-0.07376063156589659,0.052857677608348815,-0.06859376827614617,-0.002301606315151209,0.003158028196091845,-0.0421680490996979,-0.07608148588729015,0.05604998089778244,0.08874538153943655,0.013439270545772172,0.0027674450050499647,0.10983915801850212,0.22130302616452055,-0.18847011906663455,0.10578317680375302,0.0027935844798762663,-0.0003330938774056035,0.010166,-0.07736,-0.00075809,-0.48773,0.24733,-0.43837,-0.11964,-0.0038341,0.035035,0.071061,0.546,-0.44252,0.33048,-0.2527,-0.21771,-0.15083,-0.0074936,0.058081,0.20961,0.4402,-0.039137,-0.12847,0.24509,-0.011548,0.49114,0.025907,0.030379
0.05,-0.024191,0.0083966,0.010528382555204812,-0.021063,0.021342101031429875,0.028729437516767087,0.09078734544214229,-0.03550990625244818,-0.023104264507601613,-0.004268530701680224,-0.14274078325419787,0.21159561690541118,-0.16452576919583103,-0.006625141210504711,-0.04047973639259714,-0.13780102848929432,0.36286253688853304,-0.16056971538509363,0.25095887874512834,0.00010802966238939615,0.018575320564850825,0.3893908795596396,-0.37507773111170056,0.39768233064735337,-0.46813849459388884,0.10395095080878933,0.02732895739799015,0.023135,-0.11368,-0.26944,0.58927,-0.23425,0.62662,-0.63557,-0.028173,0.077754,0.67197,-0.72846,0.36961,-0.31758,0.35678,0.018069,-0.41607,0.040941,0.046042,0.61825,-0.31351,-0.046901,0.089204,-0.18858,0.0044435,-0.5674,0.57241,0.15527
0.05,-0.054728,0.018546,0.05750848300677968,0.076915,0.09427077223551483,0.14155652991855072,-0.26155172368434065,0.09686017416007205,-0.14893824040554307,-0.30174180535044165,0.23770936191342634,-0.2571201098363026,0.2991120581465547,-0.11340795463102783,-0.02710815457846102,0.29995692625315584,-0.49463674401381535,0.20522418429580377,-0.4051095567954399,0.5238110367417868,0.38056596370700607,-0.6194965393523685,0.4546160627736636,-0.409342433501316,0.5426696044535322,-0.16554249777512117,-0.06964779278889972,-0.34214,0.24858,0.32056,-0.71868,0.28561,-0.71795,0.84315,-0.64751,0.66074,-0.91828,0.83844,-0.46646,0.40906,-0.39432,-0.10116,0.55217,-0.49895,0.68238,-0.90945,0.51286,-0.032125,-0.26162,0.29731,-0.10676,0.54762,-0.75858,0.66144
0.05,0.032103,-0.0007339,0.005875522994167708,0.013661,0.0689385681914852,-0.1714719405108975,0.025835016681907456,0.007225390117510476,0.006307465391593719,-4.402822652596831e-05,0.010162213747068155,0.07717829023434486,0.09233486504553504,-0.30751476237136993,0.6444659701708688,-0.24860654299535279,-0.15925503032292218,0.0007440876231130058,0.00017234615762314387,-0.00616834721886896,-0.014073608104414366,-0.02025285207603059,-0.011984038013385066,0.3353807186286573,-0.12191619048161494,-0.7445026006192716,0.6419997282515152,-1.1298,1.1376,-0.22651,-0.63776,-0.0039554,0.0062363,0.027759,0.0023691,-0.048408,0.043474,0.0043998,0.0021926,-0.64491,0.41276,0.75755,-1.7355,1.434,1.5651,-1.9965,1.075,0.0086695,-0.61066,0.034094,-0.014024,0.041805,-0.054893,0.075796
0.05,0.0231,-7.3634e-05,-0.00197752308951824,-0.018821,0.026716003360359182,-0.021853074395857895,-0.07513423172765171,0.007121336812502916,0.00030445475373994883,-0.0038798165455725176,0.0008054891299208192,0.1446229759579508,-0.1586509708686169,-0.007571623914881343,-0.025239717151140855,0.28207163651482686,-0.1914169013391669,0.0027390359294427423,0.007033335607369725,-0.0029002842792178775,0.008487483770915608,0.01039465353012397,-0.010323593616343297,0.13029516225756055,-0.3253206647362263,0.5082185386452034,-0.040712835383602784,0.07023,-0.68146,0.41786,-0.031955,0.011204,8.1953e-05,-0.016016,0.00035572,0.019043,-0.018409,-0.0040104,-0.012221,0.20181,-0.09007,-0.52305,0.89733,-0.052925,-0.033252,1.0106,-0.56034,-0.12926,0.41839,-0.026792,0.0086635,-0.01239,-0.0018288,-0.037896
0.05,0.019858,0.00023421,0.0006989689035500411,-0.050873,0.018209642128870374,-0.025231070356857326,-0.08893663134344758,0.010402173210498553,0.002263185711594181,-0.004363023401688818,-0.01088536997582439,0.05960647497559983,-0.09611526111705786,-0.02593407776816992,0.014959358330300295,0.06470087352528371,0.09951293161868122,0.013705890721550653,0.006101063354140372,-0.004326110474335365,-0.003631160712572644,0.002625611863378786,0.009599947946003625,-0.12089509369690012,0.32241933246933013,0.029836249863973877,0.010365480209926678,-0.017324,-0.060527,-0.5341,0.21728,0.016467,-4.1739e-05,0.0057054,-0.0008488,0.0059546,0.030322,0.0238,-0.0020812,-0.17858,-0.11636,0.69207,0.074787,0.052453,0.056332,0.065414,0.68878,0.028349,-0.4598,0.0078275,-0.011783,-0.023624,-0.022943,-0.00094374
0.05,0.0086399,0.0018772,0.0008272926124589932,-0.066649,0.0046199319297266,-0.008082229120940383,-0.05390993299966279,0.004568736276070746,0.0026401668101387007,-0.0032602423174799906,-0.014827092929441607,-0.04742297868997457,-0.023549458962993115,-0.009481110872787982,-0.005211201115168205,0.0047846450855915795,0.1277438068799199,0.01483912238639909,-0.000264851563303056,-0.004220792039756766,-0.00376730585284032,-0.0030978598916726204,0.007610459713215822,0.17673468173622855,0.1014863940693878,-0.0034657993125216642,-0.006772565748005289,0.0059641,-0.025628,-0.085137,-0.43364,-0.0010594,0.027738,-0.013773,-0.013136,0.00084347,0.0092078,0.016817,0.032747,-0.066906,0.56296,0.040368,0.02513,0.036041,0.0074921,0.019219,-9.4089e-05,0.50978,0.54983,0.026219,0.0036258,-0.022719,-0.02188,-0.01877
0.05,-0.00030005,0.0011837,-0.0011033284655376434,-0.061432,-0.0010293954078226418,0.002568467971696153,0.004327219498414296,-0.0003112950920391091,0.0009380475474340711,-0.0006311721693080528,-0.0036315349979232484,-0.0874375341246345,-0.005001851467041992,-0.004171988311392658,0.0008881270767012247,-0.003077163591663207,-0.0010756469533755562,-0.003672506057907215,-0.0029707096736891103,-0.0019516584947451262,0.0006199784881174624,0.008229303278985413,-0.009446800161810452,0.21373228016732312,-0.00357747319483889,-0.0020136836821969726,0.007207149676737339,0.001517,0.006181,0.024568,0.012573,-0.0008887,-0.0072331,0.011908,0.011113,-0.0027266,-0.0036229,-0.0054295,0.0045728,0.6967,0.025811,0.074924,-0.023514,-0.0019044,-0.0027277,-0.00022341,-0.003247,-0.02981,-0.017414,-0.0099277,0.03123,0.013383,0.032144,0.025645
0.05,-0.0099313,0.00083629,-0.001648260264858019,-0.056498,0.003006537614288995,0.003589722564556445,0.05203065482484674,0.0007656291600912498,0.0038785827873748634,-0.004367906745358513,0.0019017618131233671,-0.03834590807094897,-0.02420814847240803,-0.006866783724381101,-7.557684451255475e-05,-0.010043285896389186,-0.12484300311588095,-0.006316106315007806,0.009551454990602191,-0.0073101327873956795,-0.0041412732386601455,-0.0005166312961286919,-0.004418537474242325,0.1383810627291527,0.09375218514753039,-0.017500614215640958,-0.0029332781415245266,-0.006812,0.02049,0.039065,0.40952,0.042932,0.0062461,-0.011011,-0.0041661,-0.0041896,0.0062203,-0.015195,-0.052508,-0.092917,0.54682,0.011738,0.009894,0.024852,2.7015e-06,-0.0071521,0.029358,-0.46263,-0.50668,0.062796,0.024025,-0.012966,-0.013262,-0.010685
0.05,-0.017757,0.0015167,-0.0025537026242118004,-0.044082,0.013588820296046456,0.02098386763320013,0.08329046563013072,0.002374556820607889,-0.0021331555770398216,-0.0023304536827701006,0.0052968803516455385,0.058780911950070194,-0.09640638303059895,-0.009117280211216104,-0.023337020645463624,-0.05577854130772438,-0.10350718477664136,-0.007046280252557125,0.004174367364133042,-0.0054060423590619544,0.004550644117615117,-0.010834714259364763,-0.0323634405240029,-0.11457536817303668,0.2889184820380761,0.04516669580260792,0.003359121378456891,0.011333,0.057014,0.49573,-0.24871,-0.016686,0.062558,-0.0066074,6.155e-05,-0.00092978,-0.005811,-0.086858,0.029249,-0.14115,-0.17256,0.64913,0.072866,0.033758,-0.064539,-0.082872,-0.67002,-0.0067935,0.50454,-0.012652,-0.025747,-0.079241,-0.011788,-0.0025532
0.05,-0.027464,0.0017533,-0.004311190083951563,-0.019,0.02902196476128455,0.03399789483328458,0.07698256548666965,0.00891934497739609,-0.0019275402598198943,-0.016163867546689786,0.011402530980764247,0.14532382846401837,-0.1709660561320818,-0.0101987879504002,0.034509433160447876,-0.2851490032330062,0.2249613984485516,0.005822218677331422,-0.013443656494280698,-0.0010064217450358704,0.001267401879246601,-0.04160208402605539,0.014113777374855035,0.1463832582269189,-0.3291757221427596,0.48154926502377426,-0.026890289033837687,-0.070881,0.69712,-0.40701,0.051721,0.00043738,-0.010938,0.062506,-0.032062,-0.0023433,-0.081284,0.032601,-0.001848,0.17223,-0.047008,-0.4775,0.88465,-0.08988,0.037774,-0.99373,0.55128,0.11635,-0.40867,-0.00050158,0.00053194,0.030757,-0.090277,-0.015808
0.05,-0.029272,-0.00028246,-0.006429808436345996,0.021514,0.060205281670180286,0.14977978340200396,-0.058066006075316756,-0.024341335150317427,0.026714637998361625,0.0020836006602670282,0.0029942101124238387,0.05857580952550041,0.09877619918291367,-0.29761371888592814,-0.5438760454870739,0.2513589072878497,0.11355607507449583,-0.03096892923039966,0.024771537749206294,-0.011015122854627529,-0.0637234093104877,0.04950306009048153,0.004585656635239086,0.3043931373182699,-0.1119372137574116,-0.7126464164620958,0.580398273240831,1.0935,-1.1755,0.21381,0.60965,-0.033339,0.0058257,0.0053463,0.11482,-0.10923,0.12917,-0.049175,0.011125,-0.62281,0.42563,0.70179,-1.7008,1.311,-1.4927,2.0627,-1.0855,-0.0032671,0.6388,-0.010529,0.039528,-0.021151,0.2264,-0.14955
0.05,0.054961,-0.020267,0.06906004948553152,0.064877,0.09837767502963758,-0.12829035673338043,0.24694833976730907,-0.08464969727297113,0.1671613555388198,-0.2987507573527536,0.26958647091539134,-0.26680836506723715,0.2992063062480608,-0.11202561206517322,-0.013019240369802263,-0.2865912014969713,0.4779819734931807,-0.2092408371721569,0.4186647672345515,-0.5492667911312751,0.3593598469856087,-0.6208376768129119,0.47996157325709515,-0.4318841829526593,0.5351301562444006,-0.0781666321138607,-0.11670048883206913,0.35371,-0.2182,-0.28102,0.71046,-0.31101,0.77358,-0.82105,0.58569,0.62648,-0.84004,0.79748,-0.45693,0.42304,-0.36415,-0.16811,0.6069,-0.53565,-0.71186,0.8968,-0.53894,0.055809,0.21581,-0.30105,0.10591,-0.50811,0.68479,-0.60803
0.05,0.026805,-0.0085751,0.019530746862095202,-0.02516,0.02844575250577112,-0.03241279620342326,-0.10588703018178203,0.05282970241709712,0.019962755353063952,-0.01892784006373704,-0.14277337743518148,0.23662017403382513,-0.17128021647043554,-0.023061229976535712,0.03169360045086876,0.14887142361409758,-0.40509137174633336,0.16582885288453206,-0.27561323798085685,-0.027940539967208487,0.016082684381514525,0.4277641751494367,-0.4248015029152383,0.44758723604241796,-0.5105541652777511,0.0401420818333074,0.03430844064439362,-0.022824,0.16045,0.28458,-0.6683,0.2389,-0.67618,0.64989,0.072439,0.082368,0.65352,-0.74575,0.39966,-0.35804,0.3887,0.077576,-0.50849,-0.010621,-0.084119,-0.69486,0.4018,0.010961,-0.10611,0.23237,-0.012131,0.58789,-0.49842,-0.065791
0.05,0.018263,-0.011406,0.02023622317647617,-0.038625,0.01304264227006751,-0.0030854305943847373,-0.06824671887289525,0.04380808869005639,0.016926356843170592,-0.010413364124848931,-0.08250999621459544,0.05778941178707455,-0.07560268542481714,0.0014997763109160273,0.0018697550841800508,0.060427091627561505,0.070582610216207,-0.0784704016998689,-0.09624574383012337,-0.007021988845171978,0.00844215002970597,0.11510312255113486,0.2120335550159864,-0.20035622534992736,0.10264090344894854,-0.03306902201183461,0.013815194366008353,-0.00088295,0.10984,0.052248,0.47437,-0.28335,0.40225,0.15471,0.037737,0.026628,0.050423,0.46046,-0.43785,0.35009,-0.20951,-0.26147,-0.21481,-0.024877,-0.059675,-0.20636,-0.44797,0.067308,0.10856,-0.25717,0.056147,-0.39167,0.10916,0.0083975
0.05,0.0087636,-0.011226,0.012004166024581415,-0.054682,-0.0013100485971393183,0.001519591356349068,-0.04327338515398135,0.05465681256175494,0.006456273719966555,0.003073088171338937,-0.056862721671296655,-0.032642205470098766,-0.01290256509618633,-0.004385342129596357,0.0037512373144130986,-0.0012918846420871342,0.11119747762149224,-0.17135576724239399,-0.03662062903208113,0.014873911270767811,0.008753729552623006,0.014200969285328624,0.20900642337520908,-0.039933131863172565,-0.06269989852214476,-0.02813323251471074,0.014826500576102861,0.0051244,0.05931,0.15635,-0.16172,0.16438,0.14762,0.013191,0.040814,-0.0015494,-0.054265,-0.022849,0.55031,-0.42447,-0.017296,-0.21169,-0.08712,-0.053032,-0.024591,0.039329,-0.13574,-0.49768,-0.25318,0.44281,-0.21493,0.19186,0.109,0.081152
0.05,-0.00064431,-0.0066552,-0.0004502520125765574,-0.053398,-0.0023423361900282436,-0.003006112309629087,0.0010843161329625746,0.06346839784992817,0.0033479511846929945,-0.00017377378448608943,-0.0012979002867671242,-0.032717444047956026,0.03365809145008724,-0.009119419692401433,0.00029311276848192555,-0.014706359762123982,-0.004977634670741191,-0.12816871551584488,0.003249125821712356,-0.0057993527612111824,-0.007320319830565873,0.005105123564649628,-0.013242357526785112,0.13860706615848292,-0.07284351832308546,-0.008066577991744775,-0.008938378474034022,-0.0061562,-0.028596,-7.7445e-05,0.0090666,0.42382,-0.041855,-0.020253,-0.017697,0.0020334,0.0053152,0.0067204,-0.018282,-0.12098,-0.54191,0.031869,0.036826,0.046072,0.0027188,-0.023991,0.0042192,0.011319,-0.024131,-0.46558,0.46456,-0.0279,-0.031934,-0.046633
0.05,-0.014589,-0.013445,-0.013472164927730367,-0.069011,-0.0022315432544121475,-0.0023314000631053824,0.054045612361239115,0.05891366346978191,0.007520489471528167,-0.005527212532544058,0.06702124141118666,-0.00014290176465628476,-0.01255070551723019,-0.004202297628184827,0.0008508637407036125,0.016883876014195377,-0.1220416038421985,-0.1787999639065685,-0.024118150358054098,-0.004335532902825802,0.006877488333099025,0.005054076520057696,-0.20824516245962899,-0.038164445766229065,-0.03715913928266218,-0.04482126729969878,0.018482887164457486,-0.0034016,0.0015537,-0.16761,0.18602,0.1372,0.15297,0.024693,0.024518,-0.0099539,0.00039751,-0.0098811,-0.55475,-0.46674,0.017505,-0.22592,-0.071506,-0.023267,0.0078805,0.019063,0.15308,0.52804,0.2887,0.47861,-0.29579,0.18986,0.076462,0.076019
0.05,-0.018735,-0.0087956,-0.021159424077536786,-0.033228,0.009057433724503001,0.0038188079620615828,0.06980227085166953,0.043105248424042265,0.01195308802747206,0.006006634797316345,0.06465924976257481,0.046333565309219484,-0.06559144264261267,0.0017604364353286798,0.003097811277594996,-0.03708582366809097,-0.04839914267738221,-0.04782923134417965,-0.09962985929936215,-0.004251794868983367,-0.005639085656562718,-0.09203555822978887,-0.20956169604304398,-0.19741818076863457,0.09178349567507943,-0.0196554301147408,0.010168610422662724,0.017405,-0.068627,-0.03231,-0.46723,-0.27847,0.36857,0.1209,0.036563,-0.031679,-0.067193,-0.44645,0.44364,0.34835,-0.21421,-0.24399,-0.18299,-0.017629,0.05734,0.19342,0.46068,-0.073495,-0.14084,-0.2581,0.080234,-0.33775,0.096688,-0.011146
0.05,-0.023892,-0.0071451,-0.019859158249824278,-0.021491,0.021160783275351324,0.01776805602441673,0.08830465115926307,0.033367067082041825,0.02921367310024196,0.0019870325391988138,0.14328401960392462,0.22620014633331997,-0.1432256982554504,-0.037065322935176254,-0.025989463904416716,-0.14088855153327617,0.37054379296153334,0.1591237203496065,-0.2592176203750435,0.00678232481727811,-0.006571233725816136,-0.38172124970715715,0.3999306610026979,0.43176699598930285,-0.4439841505310787,0.006570708084384926,0.023789385662659368,0.061553,-0.22328,-0.23129,0.61866,0.25228,-0.63498,0.59904,0.048057,-0.041825,-0.60795,0.69902,-0.39905,-0.36061,0.33747,0.1171,-0.49633,0.070907,0.036667,0.72792,-0.41968,0.0024202,0.10499,0.21546,-0.030017,0.5007,-0.46133,-0.079605
0.05,-0.051964,-0.015026,-0.07492644994115119,0.069041,0.08527830143711604,0.10966576459882281,-0.24259231815880578,-0.0958512140125713,0.15457169855108618,0.29628466879955767,-0.25677695778883486,-0.24867895979998836,0.2995728266428068,-0.08207644127253483,-0.012083835764968283,0.2534612667289821,-0.4515132687428068,-0.19710518994840193,0.3995974795214443,-0.5197229185741615,-0.32472630786783263,0.5806454635422528,-0.4678172226508997,-0.3933966359874619,0.5319075691936268,-0.09274810133031397,-0.15702203530239625,-0.36347,0.22963,0.24603,-0.63786,-0.26866,0.7083,-0.82824,0.53052,-0.54651,0.74881,-0.77574,0.46609,0.36438,-0.35889,-0.15164,0.6267,-0.52878,0.68889,-0.85913,0.49785,-0.08482,-0.18522,-0.27928,0.067676,-0.48052,0.54887,-0.48583
0.05,0.045236,-0.020515,0.06402805722243829,0.054965,0.06483722729172069,-0.03298044143617935,0.2249778045506503,-0.05367393437725081,0.13294725019785888,-0.21988475708718255,0.19092584747495958,-0.23991830347414325,0.22698084446054595,0.03669447952971913,-0.2880529661399584,-0.1434682582871294,0.46223991692945543,-0.0864105211058438,0.27191977123603667,-0.3785384658706712,0.20538343517547544,-0.3833641430963228,0.2843891660391819,-0.4055087457000849,0.4836490771279876,0.1411980128081916,-0.37486131401475714,0.72981,-0.53499,-0.16897,0.76372,-0.086378,0.40582,-0.66358,0.21875,0.10268,-0.63746,0.45024,-0.2042,0.4332,-0.43498,-0.24664,1.0878,-0.91462,-1.0043,1.3989,-0.6763,-0.015267,0.31689,-0.11652,-0.029473,-0.46119,0.45399,0.12486
0.05,0.026336,-0.023277,0.06733041617682506,-0.0042749,0.02688508494884961,0.01583831564609635,0.0005482636377522222,0.010824289190575398,0.10391427292492679,-0.13843058467667332,0.017262964721616304,0.13256419019178758,-0.007411670702440415,0.053559534273408704,-0.16572170326802324,-0.05173327674056003,-0.1925645713641916,0.14913028799323985,0.006872660429688969,-0.13011917821334912,-0.048547399753165944,-0.011766804794442406,-0.18120696594037816,0.3661757784992448,-0.1105518025019387,-0.21956093603957844,-0.20740763064862353,0.23326,0.27712,-0.12794,-0.47445,0.29572,-0.26965,-0.2067,-0.41234,-0.75354,-0.14495,-0.14937,0.28779,-0.50393,0.11222,0.52946,-0.16838,-0.010718,0.25441,-0.22171,0.55994,-0.19454,-0.2671,0.19203,-0.1948,-0.12471,-0.11304,1.0723
0.05,0.011859,-0.012095,0.016998330161162138,-0.033972,0.0047539735837601295,-0.013171143291293723,-0.08258945559531966,0.11954599102755151,0.0074219925303671,-0.004788240551727494,-0.22381337608741633,0.19062157499588797,0.018686256925277887,0.0036097801999143884,-0.040166134059943966,-0.2596566254685509,-0.20697822246588038,0.2895096282531983,-0.1766958240434397,-0.024191325275932814,-0.0006115881480777103,-0.03984267932000505,-0.3753822354779326,0.23330250304784328,0.03950931881096802,-0.44228007553432613,-0.028074775305757752,0.013433,0.24828,-0.29558,-0.15724,0.20985,-0.23479,-0.34545,-0.017238,0.015753,-0.51364,0.031594,0.099504,-0.032296,-0.02634,0.18642,0.13475,0.075545,0.13123,0.47904,-0.095055,0.083841,0.11402,-0.076271,0.089665,0.011727,0.38289,-0.19935
0.05,0.009049,-0.018441,0.01814533734126775,-0.048251,-0.007087521980702358,0.0055150282144959175,-0.03312123643252419,0.12845641322813295,0.0132687426132446,6.809090245838942e-05,-0.09226000221949095,0.10693154044781494,0.09604195703810867,-0.012381653059765617,-0.021879692158428294,-0.12000714568318852,0.034979536479258194,0.005158881843644621,0.06831132364512439,-0.01818528698654429,-0.015584013228208503,-0.14779334815187956,0.1697611841743621,-0.10299897029290009,-0.04945315829318471,-0.03058522658615464,-0.04832213857183409,-0.013104,-0.16698,0.37915,0.24394,-0.37321,0.020046,-0.17996,-0.10853,-0.039502,0.15198,-0.46053,-0.43598,0.23594,0.1825,-0.13622,0.30162,0.16637,0.038575,-0.028993,0.41286,0.26282,0.046326,-0.072495,0.0485,0.28518,-0.45027,-0.10627
0.05,-0.0017672,-0.026705,0.0016087292644832232,-0.053995,-0.02219752038372684,-0.0014082163207257187,-0.001312281263807581,0.09173575479868389,-0.017386954050038896,0.005332611287306721,0.0019514136154883909,0.05116635560473567,0.0829781229682341,-0.015436356752152835,0.010912175285156514,0.0007302398252049132,0.001877389351959773,-0.183855590993605,0.042844214239913886,0.008620458246178771,0.01223795137702092,0.02737177735877738,-0.0015008482850930943,-0.17196349822814624,-0.3626765725740136,0.06417403624998586,0.032432051012255415,0.032428,0.029862,0.01362,0.0061456,-0.37733,-0.5222,0.12477,0.08949,0.0032408,-0.061078,-0.019812,-0.011229,-0.030206,0.25597,0.59435,-0.23058,-0.089173,0.0046597,0.048615,0.029315,0.010287,0.01682,0.0052444,-0.38867,-0.5366,0.30216,0.087734
0.05,-0.0093818,-0.016802,-0.017065228777181026,-0.036341,-0.009069224940542468,-0.014137914078331443,0.03588243045758639,0.09828232751083502,0.00251320732363013,-0.011412618323260229,0.06805121753026856,0.0812215907950849,0.07477853813720262,-0.0050293259663805575,0.0003372015670137539,0.09994332406020791,-0.01774279785144558,0.016189788860287442,0.053023746062757074,-0.01582512062434278,-0.016832490069458066,0.08518737507188928,-0.18114427386497745,-0.12016686042461386,-0.0617893419940912,-0.03921764936361724,-0.030367777350778176,-0.023955,0.087513,-0.37805,-0.25009,-0.37057,0.041844,-0.14103,-0.088507,0.031353,-0.025112,0.47812,0.45312,0.28416,0.19235,-0.17136,0.25933,0.09917,-0.057626,-0.057067,-0.44601,-0.30511,-0.073118,-0.077769,0.12131,0.33789,-0.33616,-0.053199
0.05,-0.014683,-0.01384,-0.01766609998287792,-0.031429,0.0019093983331830175,-0.010808193303421318,0.07130783569723145,0.10152747280157212,0.015627236516106147,0.0006735351756426552,0.21956526783255326,0.206565969508926,0.022162964669725466,-0.023447525190553552,-0.0028934426986264796,0.228344673019222,0.20030004806829543,0.2792591301127451,-0.1815048302365685,-0.023025679686873853,-0.011891831860801299,0.010378727522780018,0.3911895944896841,0.2750210620027245,0.035762684893993486,-0.4417208103391399,-0.018730403950934574,-0.064329,-0.31656,0.2701,0.17635,0.23376,-0.26517,-0.38788,-0.00038084,-0.0027784,0.55463,0.012349,-0.1193,-0.088397,-0.031858,0.2633,0.12136,0.10064,-0.075139,-0.52931,0.011785,-0.079565,-0.085634,-0.06428,0.045009,-0.029625,0.32806,-0.1779
0.05,-0.027687,-0.021439,-0.06546820197455391,0.010222,0.015615574600188292,-0.02785389542785088,-0.013897613202866971,-0.04374494288490669,0.10671092468355281,0.10724433116608492,-0.03091232124485034,0.08415486466606785,-0.02614232895553896,0.07265559245313362,0.15806611691207817,-0.004194765682978209,0.16552654998723065,0.04014296439999026,0.01235530246109892,-0.09279268367244035,0.05143580669309433,0.02760396178163395,0.15575398332768828,0.2590083005098096,-0.18795412699248967,-0.12892707646675275,-0.14727657238928843,-0.19926,-0.25094,0.066232,0.4384,0.14044,-0.22904,-0.087446,-0.25954,0.63208,0.16191,0.1432,-0.27672,-0.36016,0.21593,0.39273,-0.29964,-0.14149,-0.32176,0.20827,-0.51165,0.16726,0.25141,0.16892,-0.088879,-0.019902,0.1646,1.0626
0.05,-0.044126,-0.016805,-0.06964754096802463,0.063162,0.057257477660314283,0.032933560021866905,-0.2136949944827237,-0.07637622406346498,0.1185742553066095,0.1967377080928292,-0.19001321040741867,-0.24313397967845346,0.21781783459189646,0.06786672039997094,0.22481861343396778,0.11880869923848504,-0.4236257908118905,-0.11761830729395727,0.2461217497087649,-0.30695840427396087,-0.1225738012325362,0.3247648181797058,-0.26540242320353713,-0.4151013357005452,0.44675497304202455,0.17080617020040326,-0.3349808865698347,-0.67065,0.5599,0.14873,-0.68045,-0.11405,0.35157,-0.49766,0.13599,-0.016172,0.41291,-0.38006,0.18091,0.44967,-0.39017,-0.28498,0.97631,-0.82757,0.87574,-1.3132,0.64937,-0.0077868,-0.30127,-0.074055,-0.027337,-0.28676,0.27284,0.26612
0.05,0.042156,-0.054698,0.14126555026242368,0.073389,-0.0005011378054659372,0.18974302144023425,0.20932707117583652,-0.3013564914025031,0.12929790309728695,0.03980169257984746,0.40652548995450766,-0.29783139511522977,-0.0517223109054248,0.4210023532465184,-0.4312163839667114,0.4390782770967845,0.33953862874216395,-0.5598035891459232,0.37932090954924635,0.6847521943445815,-0.535240371215129,0.06669476591282186,0.5763282491587642,-0.48696205573017115,-0.15236512046603012,1.0385773994292495,0.13383877985612633,-0.77963,-0.87913,0.5425,0.40531,-0.69687,0.52279,1.174,-0.42054,0.17477,1.4118,-0.034823,-0.40066,0.53143,0.1802,-0.96017,-0.42439,1.2321,1.3234,-1.038,-0.44789,0.24103,0.15609,-0.21712,0.35815,0.73428,-0.45272,-1.2371
0.05,0.028794,-0.052858,0.10259085217266974,0.016229,-0.03659392774058942,0.14330507996587977,0.05450501791885723,-0.08012790853029429,0.020295802564184107,0.1641658058159649,0.09151902783846368,0.028949331162392542,-0.07815785617676055,0.0718223833915136,0.1905595350768985,0.12067746318615825,-0.01533992021637408,0.0481516346817216,-0.024884029122144977,0.2801196805415213,-0.0048781983874345985,0.09960460277273053,-0.05725129885700921,0.18349804362136982,-0.04295076068325866,-0.15117705844778886,0.29531284976677386,-0.24968,0.32647,-0.089261,-0.14145,0.22405,-0.13304,-0.1264,0.38546,0.61777,-0.33839,0.010797,0.19007,-0.30073,-0.039313,0.39787,-0.097973,-0.37157,-1.1555,0.19144,0.22273,-0.17529,-0.13856,0.15685,-0.18032,-0.32908,0.19097,0.10899
0.05,0.014305,-0.057421,0.04464813633100383,-0.017556,-0.055621168340120736,0.0682897488049607,-0.02742865409551017,0.05587442841322864,-0.04199111202616037,0.055800747277685046,-0.18969813332457716,0.1967952610419835,0.12574791143170638,0.020403518904092983,0.06777895121574182,-0.35047449079514803,-0.17866601625798642,0.3845275686962085,0.15311013285062872,0.10908740597477429,0.08165830083285316,-0.4905713188485085,-0.5302674857607824,0.3368874081575254,0.38647954421695735,0.23230340970244878,0.18438775261917015,0.086748,-0.77649,-0.87712,-0.34665,0.40356,0.3316,0.21305,0.44483,-0.053351,0.74308,0.97567,0.57067,-0.12631,-0.20159,-0.17968,-0.14266,-0.57813,-0.0047584,-0.59345,-0.75746,-0.35702,-0.065791,-0.040732,0.15295,0.06717,0.1433,0.80689
0.05,-0.0010755,-0.016478,-0.0009413729978482882,-0.037327,-0.011998118509590462,-0.012998822417064196,-0.0026174215085848287,0.16607346754372898,-0.009373979872705388,-0.003775068823857564,-0.012193483105966378,0.2411757153232646,0.24190346053234657,-0.014888411848576763,-0.04282121263261684,-0.053837667446852915,-0.01627251507135482,0.507801323240071,0.3223627777179588,-0.019866126649515876,-0.03848690712059527,-0.06124974782301578,-0.0400691921918278,0.3610028111167976,0.5566642659762078,0.42487705857823727,-0.07982293830823511,-0.033399,-0.12558,-0.096505,-0.024423,0.45152,0.53344,0.4329,-0.16554,0.020173,0.17255,0.1053,0.04808,-0.10348,-0.19693,-0.37359,-0.37855,0.26776,0.035528,-0.14118,-0.10908,-0.019992,-0.0020131,0.096295,0.21421,0.21458,0.30279,-0.3379
0.05,-0.0079085,-0.026383,-0.011784495296344857,-0.016141,-0.026126442558385983,-0.0239044530383403,0.032708247498603245,0.052640265001648,-0.014035223606212625,0.016074746524717853,0.16316647000392326,0.15947486509388345,0.09623778364901579,-0.022673746161859357,0.046381521468032275,0.32250396953486526,0.1374402630756014,0.2976393336749371,0.12479042971331472,0.04307113642701419,0.029616605090576054,0.4542600221042967,0.4343754784300045,0.29311807734390694,0.3306916431541828,0.0861783801845088,0.05817216303170451,0.01968,0.75824,0.73701,0.27319,0.40187,0.24874,0.0085405,0.12762,-0.0056835,-0.80591,-0.85559,-0.46549,-0.20255,-0.23026,-0.050144,0.10473,-0.20166,-0.072496,0.66083,0.69861,0.29276,0.040192,-0.0063587,0.0013968,-0.12487,-0.19757,0.30283
0.05,-0.021938,-0.034507,-0.06738150239269403,0.019381,-0.030263379582043216,-0.11801319047694142,-0.029165111889719545,-0.07380234613616714,0.01850065447587687,-0.11559729051309785,-0.030180038645418697,0.020980225902223818,-0.04917447056137632,0.06969241101145217,-0.07973009893491945,-0.0035126668420774865,0.059433041106950836,0.019241373938882145,-0.03565039094048497,0.23685249681204476,0.05721909682169533,0.012998974836316629,0.15597788359697654,0.11855135442977197,-0.01748730337614666,-0.1010339990064455,0.25705802761917623,0.31096,-0.025259,0.25638,0.19032,0.12779,-0.11998,-0.044246,0.45963,-0.61412,0.064499,-0.23179,-0.27706,-0.16681,0.0036938,0.2761,-0.16062,-0.51974,0.95549,0.021551,0.05334,0.19838,0.11206,0.12857,-0.083683,-0.18149,0.37515,0.26158
0.05,-0.039198,-0.038549,-0.12018275550869036,0.063195,-0.004448736821380042,-0.14943767578404826,-0.16994435122354842,-0.20158611926596628,0.1279987827702225,-0.0188277315185083,-0.398344350527623,-0.22363378936257242,-0.013280604703338611,0.3294206725078277,0.3730681867398857,-0.3509213691304612,-0.2934691658478635,-0.3400016326775417,0.317722508584238,0.47344663671386783,0.4644405807767749,-0.009101294091612455,-0.5788269761640212,-0.3034556416114187,0.0008825270481602277,0.848536892908128,0.0387645596880653,0.73923,0.78691,-0.42594,-0.36093,-0.3369,0.46226,0.80566,-0.61884,-0.13207,-1.3089,-0.033805,0.41085,0.24758,-0.021574,-0.69579,-0.061216,1.3388,-1.1329,1.0468,0.38638,-0.16974,-0.13612,-0.15383,0.12953,0.35648,-0.89512,-1.4358
0.05,0.017473,-0.039097,0.06787290313581457,0.026572,-0.03498765264993036,0.11005855482684598,0.07518302869102567,-0.1422016077273507,-0.02002062525854227,0.1532637410733713,0.17189084578053465,-0.07610536750079137,-0.09253488046095355,0.027302157126122325,0.14640485370207573,0.24836279117609106,0.11698101160586892,-0.18923255031074973,-0.026746698772388038,0.10555703478392169,0.05310092220355628,0.252284720546465,0.2412391061419476,-0.06475165660258327,-0.11904497585070734,0.019334126777114213,0.06206789753569541,0.046909,0.24598,0.31934,0.14622,-0.11322,-0.031006,0.065354,0.020901,-0.042267,-0.18062,-0.29804,-0.17997,-0.015007,0.030232,0.030349,-0.014473,0.092434,0.068154,0.15471,0.18302,0.10112,0.024323,0.0071164,-0.045661,-0.044835,-0.091547,-0.13553
0.05,0.019499,-0.065303,0.08870634850256842,0.043634,-0.09313392102869103,0.1650479196848408,0.09982430502502906,-0.2584036165517568,-0.13940742127880665,0.3359984611933507,0.28087492226271304,-0.11247652056934984,-0.22447803376499484,-0.1470655594782375,0.44622449560082755,0.45582605834522544,0.19176029866948924,-0.35544700187141165,-0.23567880058762364,-0.16664020709297855,0.3433635125873506,0.619932409027045,0.49801689097250074,-0.09412624306734348,-0.2896413053018011,-0.29302206432492134,-0.09742195364771501,0.56025,0.77266,0.74631,0.31495,-0.22776,-0.22652,-0.18772,-0.075611,-0.64664,-0.74915,-0.83506,-0.50151,-0.034749,0.072966,0.18966,0.20039,0.14614,0.71513,0.60695,0.51234,0.34249,0.11823,-0.034176,-0.081453,-0.10203,-0.17892,-0.034067
0.05,-0.0028013,-0.047437,0.005877590769571928,0.054541,-0.09264113718855116,-0.01143260305945302,-0.0033184315433958797,-0.27211723814839966,-0.1693344295404549,0.0660594314917964,0.059250788664695395,-0.19456902366976875,-0.3139718421506846,-0.27304534327439356,0.1291303722689535,0.08913597777369123,0.01753314474451192,-0.46960563215453677,-0.377924141668591,-0.4152251471221487,0.10944140794561719,0.206107681358131,0.13296093591414296,-0.2483526573417591,-0.4883574675541962,-0.5711523220799821,-0.2774720358504055,0.20589,0.4538,0.23085,0.046283,-0.39315,-0.44749,-0.4794,-0.34936,-0.13445,-0.48673,-0.34844,-0.14135,0.092706,0.19755,0.31644,0.33527,0.26053,-0.094897,0.3721,0.35452,0.079975,-0.0083589,-0.017996,-0.10573,-0.087837,-0.15098,-0.30167
0.05,-0.016159,-0.044841,-0.06350868069443713,0.044025,-0.0735894242538436,-0.16889979804997146,-0.09472918794688626,-0.20260194308793983,-0.09825365135436327,-0.3061246062939927,-0.2638064361542989,-0.14554026820853927,-0.21739895414075822,-0.12577772168420828,-0.4906558849162266,-0.4933536821857283,-0.19226635789312221,-0.32107516432416566,-0.19754422516140935,-0.14597165427524478,-0.3837105422639287,-0.679420237511272,-0.5119255757006878,-0.19487354956432398,-0.33630356266004763,-0.20443884380111182,-0.019654303243032224,-0.65845,-1.0279,-0.85534,-0.31941,-0.29671,-0.2266,-0.11329,0.025065,0.67769,1.0125,0.99504,0.54991,0.12189,0.15663,0.065178,0.0040574,-0.043107,-0.57176,-0.84158,-0.74218,-0.38235,-0.097157,-0.050911,0.0021082,0.055957,0.10676,0.186
0.05,-0.017559,-0.035689,-0.060917879746796674,0.032014,-0.04060294119400718,-0.1317747861755216,-0.0691726710071618,-0.13804222099683738,-0.013027814843498102,-0.21172957315879226,-0.19203404962840212,-0.08463412410036407,-0.10524371334848845,0.03878403948739101,-0.32055956087337756,-0.3183398759558108,-0.09943160067202593,-0.18320221545905155,-0.02614674478338172,0.12294445484184022,-0.20833372627007093,-0.4215195038487817,-0.294061657672435,-0.09064411615618163,-0.15593907993667033,0.061740684351714835,0.14965371380396938,-0.26369,-0.73682,-0.46374,-0.11461,-0.15126,-0.0408,0.12492,0.2094,0.14323,0.75075,0.55633,0.24651,0.040603,0.092178,-0.015338,-0.20507,-0.14371,0.1637,-0.52618,-0.55034,-0.13071,0.027443,0.0068669,0.010005,0.033838,0.17546,0.16771
