0.05,0.018069,0.045314,-0.06776819618241312,0.059508,-0.06319114994076114,0.17274446153357007,0.07011146531362725,0.2595913823176858,0.044327753136126316,0.21434043986576834,-0.19532384373866057,inf,-0.2456903781064478,-0.0491161711221427,0.20649,0.29261,0.10246,0.43673,0.10348,-0.1651,0.23225,0.38825,0.25315,0.37775,0.40297,-0.10619,-0.36574,0.16988,0.52247,0.35678,0.081449,0.56428,0.12234,-0.4399,-0.54266,0.10352,0.50369,0.36722,0.12342,0.28915,0.30798,-0.20664,-0.86325,-0.63267,-0.028207,0.36109,0.37022,0.011912,-0.051188,0.0090237,-0.13893,-0.46848,-1.0305,-0.76678
0.05,0.01427,0.055551,-0.06520104532879163,0.068865,-0.09722330815586488,0.19085423545389943,0.07764138056759966,0.3319739514669613,0.1578371550873073,0.2984215300926272,-0.24826290616099045,inf,-0.3471386139570352,0.1076319362011627,0.33435,0.40621,0.18223,0.54983,0.28508,0.011527,0.46076,0.62865,0.43345,0.47461,0.52573,0.12948,-0.11399,0.56333,0.77302,0.65211,0.26368,0.67355,0.27234,-0.19597,-0.31115,0.59429,0.74019,0.67555,0.37343,0.34143,0.3079,-0.12747,-0.55117,-0.50434,0.5948,0.6253,0.4336,0.1928,0.066475,0.096392,-0.12665,-0.46633,-0.80028,-0.61645
0.05,-0.00043777,0.036157,-0.0024200254708963034,0.023429,-0.07816583293681359,-0.00568914338051404,-0.002310225308286821,0.08926477897905744,0.18907964347076192,-0.020419107123906762,0.0008705394692357515,-inf,-0.1270417449190413,0.27624825432848515,-0.022719,-0.019301,-0.001879,-0.092527,0.26405,0.41227,-0.044409,-0.032882,-0.0095293,-0.28404,-0.011811,0.5909,0.67278,-0.084893,-0.086198,-0.018841,-0.0078958,-0.48201,0.26882,1.0763,0.97797,-0.12669,-0.090287,-0.059172,-0.00079774,-0.505,-0.27207,0.69843,1.5164,1.2465,-0.18463,-0.1766,-0.087635,0.039447,0.00059513,-0.039928,0.43726,0.95832,1.8002,1.3754
0.05,-0.013846,0.052173,0.05253426196783372,0.062743,-0.09039602614875994,-0.18608329227889925,-0.07833129426887984,0.28640030128607213,0.14243480937657269,-0.28839526701530693,0.23393495710738677,inf,-0.297742288744003,0.08570800860718127,-0.32836,-0.39968,-0.18081,0.45257,0.20889,-0.0097129,-0.44099,-0.60794,-0.41273,0.38649,0.41865,0.05443,-0.1687,-0.50392,-0.69384,-0.62524,-0.24895,0.54163,0.17655,-0.28114,-0.37495,-0.48513,-0.67043,-0.6231,-0.35597,0.29458,0.25383,-0.19127,-0.6298,-0.56578,-0.41968,-0.4307,-0.3233,-0.21708,-0.052398,0.098591,-0.10874,-0.47095,-0.8631,-0.7137
0.05,-0.016164,0.043409,0.058599110599450055,0.058682,-0.05741123505974616,-0.16233257966342265,-0.06645086438095232,0.2561741145868029,0.031403013936182535,-0.20083986461704378,0.18735967152944552,inf,-0.22459187372445724,-0.06144233874704375,-0.18167,-0.2714,-0.11047,0.44418,0.064618,-0.19858,-0.15958,-0.37499,-0.24607,0.39952,0.37167,-0.15281,-0.39088,-0.084752,-0.41235,-0.3388,-0.09513,0.59402,0.061461,-0.56713,-0.59667,0.024466,-0.35508,-0.3186,-0.1309,0.3256,0.30096,-0.28314,-0.952,-0.76208,0.20614,-0.15333,-0.22463,-0.057053,0.043932,0.033831,-0.16063,-0.58436,-1.1543,-0.76709
0.05,0.043581,0.049079,-0.1341749696272216,0.082063,-0.004316389034570062,0.2141476638965473,0.2008402557962057,0.2517588837132729,-0.18729602621822922,0.01767248553328479,-0.4847811786210498,inf,-0.004149656765430187,-0.3450263605150716,-0.31965,0.34581,0.39761,0.358,-0.39868,-0.34537,-0.68155,-0.017708,0.64411,0.41363,-0.017402,-0.79473,-0.032958,-0.7166,-0.84932,0.45432,0.42722,0.36273,-0.50599,-0.7314,0.65797,-0.10215,-1.2587,-0.055986,0.45724,0.28837,0.0070423,-0.7398,-0.033873,1.35,1.2154,-0.97884,-0.40181,0.19155,0.12675,0.19959,-0.10799,-0.30173,1.0047,1.4382
0.05,0.021138,0.038184,-0.07120554720785457,0.012425,-0.029533570940890954,0.14106308766802397,0.034249867072965325,0.02688301017140107,-0.021456915547968376,0.12975598472588715,-0.036998116465594026,-inf,0.001705178200572193,-0.06921914639667252,0.063473,0.030911,-0.068467,-0.16597,-0.021982,-0.12549,-0.051967,0.0087539,-0.15789,-0.34061,-0.1121,0.13032,-0.20755,-0.27753,0.090186,-0.22138,-0.19779,-0.38571,0.070663,0.18708,-0.2324,-0.59988,0.080286,-0.14312,-0.28286,-0.36834,-0.10856,0.42041,0.19918,-0.15072,-1.0255,0.066147,0.045051,-0.16304,-0.11523,-0.18657,0.18474,0.45933,0.15904,0.11377
0.05,0.0073227,0.02635,-0.018677319915276193,-0.022908,-0.025005890135397883,0.01768055411911827,-0.030054727961651474,-0.1308344800664166,0.01949331509995283,-0.0008540242312354251,0.1660882748693901,-inf,0.19997289141729618,0.014780284519928398,-0.016003,-0.29834,-0.16216,-0.48122,-0.16964,0.018378,-0.025168,-0.52392,-0.44468,-0.52596,-0.48893,-0.064542,0.0436,-0.012959,-0.66351,-0.68776,-0.25708,-0.67775,-0.29887,0.17649,0.071056,0.0097116,-0.70692,-0.74897,-0.36952,-0.33121,-0.33497,0.072275,0.46092,0.062241,0.060958,-0.59377,-0.57151,-0.15739,0.0047801,-0.0094507,0.037895,0.37399,0.73693,0.024967
0.05,-2.1475e-05,0.029096,-0.0009919195717201768,-0.021394,-0.030403952418359234,-0.0022479561665736084,-0.0019437014074890574,-0.10497816227964801,0.019999213811580287,-0.008480467728932847,0.006336305490882149,-inf,0.20746456589473508,-0.002619658014977499,-0.0054142,-0.0038867,0.0032205,-0.29677,-0.30761,-0.033584,-0.0049401,-0.0024899,-0.011074,-0.21737,-0.37736,-0.48195,-0.068178,0.0046571,0.018393,0.01794,0.0011815,-0.11705,-0.47533,-0.69106,-0.09294,0.011273,0.025205,0.010227,-0.012423,0.15676,0.042562,-0.54275,-0.89849,-0.088097,0.030048,0.065522,0.048987,-0.021155,-0.0086133,-0.11929,-0.39109,-0.5531,-0.98183,-0.070277
0.05,-0.0087109,0.026386,0.015022720580642504,-0.022191,-0.02506771388936847,-0.02064217074747477,0.03278539479613023,-0.12685926021487187,0.012915172525589278,-0.007276495455991881,-0.16878500406681418,-inf,0.18313794161596192,0.004944725336204299,0.0096439,0.29673,0.16492,-0.42345,-0.15974,0.0027019,0.0087193,0.48563,0.43579,-0.46742,-0.42356,-0.037359,0.012961,-0.011634,0.62771,0.64235,0.24904,-0.56742,-0.233,0.18008,0.039507,-0.055304,0.60653,0.66474,0.35532,-0.27499,-0.26878,0.099151,0.44596,0.019982,-0.10727,0.45566,0.45522,0.15552,-0.021216,-0.022105,-0.0016697,0.37826,0.71071,-0.045654
0.05,-0.022367,0.033317,0.058817565843693354,0.011443,-0.024403411591802152,-0.13240770529206347,-0.02541665265892748,0.02000008861787063,-0.02804819203119149,-0.12295919056064782,0.023864793243372606,-inf,0.006298001010700311,-0.06850260709645035,-0.062667,-0.0021057,0.055037,-0.15896,0.0041572,-0.1119,0.065659,-0.02799,0.14547,-0.31571,-0.094006,0.15153,-0.16952,0.31418,-0.13612,0.22804,0.16675,-0.3885,0.1162,0.29606,-0.17794,0.63478,-0.2122,0.11247,0.24469,-0.37553,-0.1133,0.45758,0.28612,-0.0041393,0.99333,-0.15194,-0.12415,0.20846,0.13208,-0.2004,0.24173,0.53779,0.25367,0.35258
0.05,-0.037862,0.041781,0.11060352807986495,0.067978,-0.0027236394200219104,-0.1813618744655773,-0.17735999957616552,0.1938165388250289,-0.18311263302592526,0.031163485905946395,0.39747772123902136,inf,0.0018222432277724986,-0.3393592958978001,0.34555,-0.3168,-0.31277,0.26986,-0.35454,-0.32866,0.66699,0.057114,-0.50852,0.28094,0.0043383,-0.74542,0.020212,0.60409,0.85838,-0.43071,-0.32718,0.30591,-0.46032,-0.72784,0.74519,-0.15022,1.3232,-0.015262,-0.33497,0.23819,0.015288,-0.65454,0.014846,1.3449,-1.44,0.90785,0.39094,-0.23713,-0.15468,0.19783,-0.17687,-0.37657,1.0196,1.0989
0.05,0.045929,0.019205,-0.0653338081844091,0.068557,0.0655404525916435,-0.050076744038219746,0.22327694507313303,0.08159709549971805,-0.17930217798642356,-0.24172458540573438,-0.20221688519188943,inf,0.2817844130278323,-0.06702844529835417,-0.23555,-0.12515,0.52726,0.10436,-0.27704,0.25437,0.27442,-0.45522,0.23911,0.53733,-0.48603,-0.18773,0.49162,0.78372,-0.59954,-0.1657,0.77483,0.097171,-0.36237,0.56328,-0.22681,-0.053318,0.55881,-0.40086,0.13284,0.50484,-0.42072,-0.3496,1.1716,-1.0037,-1.1092,1.4869,-0.71206,-0.00031764,0.31056,0.021134,0.045191,0.33249,-0.35533,-0.22492
0.05,0.022871,0.022806,-0.05716165095362816,0.0021889,0.015092269351643574,0.016120175057177038,-0.01752844608781965,0.010940095348001631,-0.12129408052337144,-0.11939323314692696,-0.0022952441870038474,-inf,-0.046085370541539654,-0.053683656037555504,-0.10408,-0.025132,-0.2434,-0.082456,0.020873,0.069072,-0.035273,0.022627,-0.22145,-0.41866,0.18234,0.19563,0.17789,0.20263,0.33562,-0.072622,-0.51333,-0.18882,0.27462,0.12346,0.28055,0.65038,0.16663,0.18234,-0.31215,-0.44722,0.17846,0.51209,-0.31493,-0.086012,0.22774,-0.20626,0.56716,-0.17963,-0.2555,-0.19568,0.1132,0.041914,-0.17853,-1.0747
0.05,0.018764,0.021617,-0.027195867505713633,-0.032441,0.002879289812371391,0.0012253399901881916,-0.07258008089350208,-0.11778233181288522,-0.014041283600029241,-0.009803989168716621,0.28058585191516233,-inf,0.007949945686936882,0.003019252528608984,-0.013229,-0.25297,-0.23607,-0.24787,0.21511,0.011462,0.027107,-0.029913,-0.42504,-0.26303,-0.023806,0.42632,0.021209,0.045876,0.28417,-0.29439,-0.12719,-0.16646,0.27716,0.34265,-0.017052,0.010613,0.57681,-0.023062,-0.072047,0.011025,-0.013222,0.16114,0.037248,0.018455,0.12372,0.50766,-0.09363,0.10656,0.15111,0.13523,-0.13136,-0.062278,-0.43174,0.13709
0.05,0.009542,0.022263,-0.019547520087096166,-0.040128,-0.01288843435716261,0.018119678992664996,-0.0309197290056095,-0.09882254416795591,-0.0057878379844686105,0.003443809351946681,0.09377056684052394,-inf,0.07895250372459318,0.0004726621889846625,-0.0033002,-0.10419,0.035631,0.07505,-0.04586,-0.0038146,-0.0011488,-0.1281,0.24669,0.23595,0.15719,0.016953,0.0061822,0.013117,-0.1011,0.42859,0.26399,0.5153,-0.014053,0.065616,0.021212,0.042649,-0.077199,0.5212,0.45248,0.31606,0.2445,-0.20732,0.114,0.026703,0.041244,0.030956,0.46157,0.22139,0.0078434,0.065093,-0.045977,-0.43531,0.18862,-0.043804
0.05,-0.00058959,0.019024,-0.0015657568417504234,-0.043176,-0.015123787343863873,-0.0010682455429449336,0.00024898347743848077,-0.11149516401420781,0.012077196710944824,-0.0012953849825531499,-0.00992005696964587,-inf,0.09627837138192874,0.01205272269464763,0.00013249,0.0074268,0.011992,0.10225,-0.054878,0.0056706,-0.00026796,0.014704,0.0020983,0.15347,0.3065,-0.022491,0.002145,-0.0060574,0.015168,-0.0011033,-0.0068019,0.25331,0.48972,-0.024689,0.0041318,-0.01072,0.025513,-0.030702,0.00062737,-0.12415,0.15812,0.6187,-0.042086,0.019473,-0.021295,0.012368,-0.042371,0.0051038,0.0091462,0.02117,0.43225,0.62678,-0.03204,0.052024
0.05,-0.0094485,0.0208,0.014887543854922898,-0.033289,-0.01080400406397778,-0.01855220048465463,0.02886854020297981,-0.0828006995323653,-0.007091662196070014,-0.009347267580515089,-0.08035496916025439,-inf,0.059398624259251825,-0.009079628346929854,-0.001436,0.093704,-0.048751,0.083244,-0.033333,-0.0041752,0.0049684,0.098644,-0.23601,0.22732,0.12135,0.022911,0.0016412,-0.0085181,0.080042,-0.41857,-0.25777,0.45143,-0.030965,0.080118,0.011165,-0.018309,0.02521,-0.46829,-0.4305,0.29362,0.20151,-0.25496,0.13245,0.004811,-0.0067996,-0.057506,-0.35936,-0.22697,-0.0072099,0.10131,-0.052637,-0.47854,0.16146,-0.043352
0.05,-0.014876,0.016389,0.0149551322177827,-0.029821,0.0005101914379137534,-0.0007513162451122236,0.07219859919985304,-0.09844603989141174,-0.01005214254122838,0.010039531119864581,-0.24531414619745198,-inf,-0.006097613945409465,-0.002651920408427637,0.013543,0.20513,0.21772,-0.21419,0.21593,-0.0034157,-0.0072044,-0.018105,0.39186,-0.23165,0.0032967,0.37575,-0.000248,-0.035481,-0.29306,0.24863,0.14948,-0.14474,0.25947,0.26354,-0.025425,-0.02361,-0.51187,-0.0076709,0.073764,0.0079127,-0.0038435,0.16385,-0.069019,0.019773,-0.15584,-0.40245,0.086713,-0.086194,-0.13302,0.10225,-0.13539,-0.06308,-0.52826,0.10746
0.05,-0.035147,0.027375,0.06686299489411217,0.01418,0.02637934725792095,-0.032556321921861,-0.005260273104584417,0.03517971284368172,-0.1534608069376839,0.12994885008658322,0.01838438423421496,-inf,-0.012693211065839587,-0.05639635541192104,0.13493,-0.0010866,0.19365,-0.052713,-0.032855,0.10734,0.064329,-0.046319,0.17785,-0.35389,0.16648,0.14154,0.24985,-0.22843,-0.31873,0.078646,0.45407,-0.19145,0.22435,0.12901,0.33074,-0.67337,-0.13968,-0.21378,0.29593,-0.43517,0.20497,0.43206,-0.25988,-0.1701,-0.095836,0.2754,-0.55525,0.18351,0.31645,-0.22186,0.17945,0.065808,0.024782,-1.117
0.05,-0.049719,0.024917,0.06229112492066685,0.070943,0.07397757666292375,0.06321417164605758,-0.22673231117366238,0.10823817521229555,-0.1956790273051329,0.2498358732704696,0.21044568970552463,inf,0.278349206194275,-0.04047299133379673,0.18804,0.13656,-0.52417,0.14427,-0.32289,0.23713,-0.298,0.48958,-0.30966,0.50283,-0.49599,-0.10608,0.40055,-0.67847,0.60202,0.18059,-0.77641,0.15121,-0.42289,0.57808,-0.30158,0.19855,-0.63964,0.49893,-0.218,0.46731,-0.45225,-0.24699,1.042,-0.85443,0.95408,-1.3733,0.6918,0.019968,-0.34956,0.1041,-0.0051513,0.41235,-0.54503,0.029246
0.05,0.052606,0.020296,-0.07167021720251572,0.065009,0.09271623526836201,-0.16178945153035168,0.21504436141079797,0.11838867002531178,-0.2163041286253292,-0.3296219476633877,-0.2892305071928863,inf,0.3223490894666479,0.1017896638291995,0.010946,-0.2399,0.45268,0.20272,-0.4224,0.35592,0.46713,-0.70717,0.47484,0.36605,-0.43405,0.13661,0.11239,0.29375,-0.13309,-0.26165,0.55494,0.28356,-0.70267,0.75733,-0.55253,-0.55943,0.74623,-0.73426,0.41115,0.25871,-0.2445,-0.071756,0.43682,-0.45391,-0.56674,0.66126,-0.34554,0.067178,0.10837,0.24289,-0.080354,0.43488,-0.55003,0.53293
0.05,0.025484,0.0078332,-0.014727021493130862,-0.022739,0.02786069289227504,-0.0438084840951486,-0.0958771331390847,-0.0543723585552287,-0.017218392367858854,-0.011005362546726221,0.17639633320346906,-inf,-0.1772055099565916,0.037734917043234464,0.032545,0.10304,-0.39932,-0.16627,0.30814,0.016641,0.029811,0.50005,-0.43586,-0.46708,0.43913,-0.0019232,-0.058112,-0.04988,0.21027,0.23081,-0.59518,-0.25507,0.62309,-0.60306,-0.044734,-0.094383,-0.62555,0.6829,-0.33575,-0.29122,0.30535,0.097962,-0.53165,0.016775,-0.067715,-0.73446,0.33728,0.0039581,-0.043374,-0.13662,0.0055196,-0.468,0.54307,0.16779
0.05,0.019872,0.012354,-0.01810161189591679,-0.040806,0.014581920323768718,-0.006028061938931872,-0.06649260705867685,-0.05312036843081675,-0.020595914856063956,-0.01148205459071614,0.09348703222864524,-inf,-0.0901096169829449,0.0062429543820031125,0.0027783,0.044436,0.070069,0.060585,0.10916,0.0090817,0.012123,0.12515,0.26639,0.2448,-0.11154,0.024131,-0.0096647,-0.0065868,0.095419,0.059496,0.48324,0.26116,-0.44111,-0.099994,-0.018705,-0.040337,-0.07679,-0.52863,0.43992,0.29766,-0.1936,-0.26561,-0.17916,-0.0048029,-0.066557,-0.18472,-0.46109,0.066301,0.049872,0.18609,-0.00094884,0.44246,-0.012595,0.026906
0.05,0.0078553,0.010141,-0.00733719956245215,-0.050426,2.285660551206744e-05,0.0031106879670078943,-0.03716141884425032,-0.06640386268559814,-0.006445506309584304,-1.3778246654549357e-05,0.049941156459399075,inf,-0.003204731254511591,0.002110951361700042,0.00080076,-0.0076322,0.11104,0.1258,0.017157,0.001974,-0.00053506,0.0046065,0.18881,-0.011399,0.02447,0.01512,-0.005545,-0.002309,0.015185,0.13268,-0.17136,-0.21796,-0.1231,0.0086668,0.011075,-0.00032659,0.0054325,0.0015279,-0.57221,-0.42175,-0.021467,-0.15727,-0.023788,-0.0033404,-0.014762,0.00579,-0.10686,-0.45569,-0.20462,-0.43643,0.19169,-0.11647,0.014022,0.0019558
0.05,-0.00086831,0.010808,-0.0002763639879935342,-0.061104,-0.0047409121451681005,-0.0003874699213163631,0.0010691923091604486,-0.07194407019265779,0.00021328819399831937,-0.0012976282392307495,-0.0022208951110000994,inf,0.026047882170906703,0.006245250207754246,-0.00061119,-0.0018679,0.0031521,0.14606,-0.0049241,-0.002684,0.0018916,0.0007263,-0.010638,-0.16358,0.098167,0.010815,-0.0016059,-0.0014236,0.0042146,-0.0041741,-0.022268,-0.40808,0.039664,-0.016214,-0.0028774,0.00178,-0.0055368,-0.013563,0.020041,-0.075298,-0.52007,0.0077304,-0.023308,0.0086126,0.0087806,-0.0047503,-0.0046009,0.029457,-0.0086211,0.45917,-0.51886,-0.013355,-0.013449,0.013466
0.05,-0.009199,0.0093357,0.005345998115200282,-0.046531,6.367846658970578e-05,-0.00020642170747474774,0.047422000932701464,-0.05947557917103829,-0.006445992750653176,0.003279805403383148,-0.06193908108027513,inf,-0.0037482735556226875,0.0009759676101002426,0.0022353,0.015086,-0.093631,0.10127,0.026171,0.00092039,-0.0037197,-0.0068152,-0.17074,0.0022852,-0.011161,0.034848,-0.0041141,0.0018023,-0.0064023,-0.11737,0.20431,-0.2043,-0.13865,0.015574,0.0095015,-0.0045169,-0.021651,0.020665,0.55861,-0.41433,0.024043,-0.16015,-0.026405,0.0028428,0.0055421,0.00012821,0.14701,0.42285,0.21254,-0.49717,0.20366,-0.083569,0.012834,0.001267
0.05,-0.017497,0.010503,0.01188396528683525,-0.035095,0.011193614937039485,-0.004400988723263995,0.0679176556954388,-0.043234485057138804,-0.022637345875099107,0.010850112770563075,-0.08555184355753334,-inf,-0.07979181489775668,0.0023398089392077624,0.0023967,-0.041519,-0.084191,0.052329,0.094669,0.0088431,-0.0038459,-0.13104,-0.2471,0.22516,-0.10537,-0.0025475,0.00040776,0.010166,-0.07736,-0.00075809,-0.48773,0.24733,-0.43837,-0.11964,-0.0038341,0.035035,0.071061,0.546,-0.44252,0.33048,-0.2527,-0.21771,-0.15083,-0.0074936,0.058081,0.20961,0.4402,-0.039137,-0.12847,0.24509,-0.011548,0.49114,0.025907,0.030379
0.05,-0.024191,0.0083966,0.010446988415033776,-0.021063,0.023257853797641257,0.0374312683563854,0.08844925554177223,-0.03911410693029995,-0.031720822101179276,0.004782513809487379,-0.16555901026054984,-inf,-0.19138487433340282,0.006735106923285554,-0.030721,-0.13568,0.40154,-0.14991,0.26771,7.1084e-05,-0.025814,-0.46455,0.4188,-0.4751,0.46631,-0.094794,-0.033455,0.023135,-0.11368,-0.26944,0.58927,-0.23425,0.62662,-0.63557,-0.028173,0.077754,0.67197,-0.72846,0.36961,-0.31758,0.35678,0.018069,-0.41607,0.040941,0.046042,0.61825,-0.31351,-0.046901,0.089204,-0.18858,0.0044435,-0.5674,0.57241,0.15527
0.05,-0.054728,0.018546,0.05706388921449166,0.076915,0.1027328956420673,0.18443244688962585,-0.2548158571316562,0.10669133234119238,-0.20448361065172613,0.33807519538751307,0.2757090565908487,inf,0.3479425985351018,0.1152903275752067,-0.020573,0.29534,-0.54736,0.1916,-0.43215,0.34467,-0.52887,0.73907,-0.50761,0.48903,-0.54055,0.15096,0.08526,-0.34214,0.24858,0.32056,-0.71868,0.28561,-0.71795,0.84315,-0.64751,0.66074,-0.91828,0.83844,-0.46646,0.40906,-0.39432,-0.10116,0.55217,-0.49895,0.68238,-0.90945,0.51286,-0.032125,-0.26162,0.29731,-0.10676,0.54762,-0.75858,0.66144
0.05,0.032103,-0.0007339,0.005830099764183628,0.013661,0.07512677114849468,-0.22340890653037115,0.025169675149057432,0.007958756062611481,0.008659786055092173,4.932976147619061e-05,0.01178672283887218,-inf,0.10740868515434489,0.3126189675438093,0.4891,-0.24478,-0.17623,0.00069469,0.00018385,-0.0040588,0.019558,0.024162,0.013381,-0.40067,0.12144,0.67892,-0.78591,-1.1298,1.1376,-0.22651,-0.63776,-0.0039554,0.0062363,0.027759,0.0023691,-0.048408,0.043474,0.0043998,0.0021926,-0.64491,0.41276,0.75755,-1.7355,1.434,1.5651,-1.9965,1.075,0.0086695,-0.61066,0.034094,-0.014024,0.041805,-0.054893,0.075796
0.05,0.0231,-7.3634e-05,-0.0019622350060262378,-0.018821,0.029114139198266966,-0.028472130428798575,-0.07319926394641575,0.007844141507743816,0.000417998810482186,0.004346993732568039,0.0009342528469094721,-inf,-0.18455100541983657,0.007697299578878997,-0.019155,0.27773,-0.21182,0.0025572,0.0075028,-0.0019084,-0.011795,-0.012401,0.011527,-0.15566,0.32405,-0.46345,0.049839,0.07023,-0.68146,0.41786,-0.031955,0.011204,8.1953e-05,-0.016016,0.00035572,0.019043,-0.018409,-0.0040104,-0.012221,0.20181,-0.09007,-0.52305,0.89733,-0.052925,-0.033252,1.0106,-0.56034,-0.12926,0.41839,-0.026792,0.0086635,-0.01239,-0.0018288,-0.037896
0.05,0.019858,0.00023421,0.0006935652270961851,-0.050873,0.019844212794088777,-0.0328732842366015,-0.08664620376783828,0.011457977736420826,0.0031072234009349203,0.004888384581954581,-0.012625481228500905,-inf,-0.11180623716467895,0.026364537928410543,0.011353,0.063705,0.11012,0.012796,0.0065083,-0.0028466,0.0050462,-0.0031324,-0.010719,0.14443,-0.32116,-0.027208,-0.012689,-0.017324,-0.060527,-0.5341,0.21728,0.016467,-4.1739e-05,0.0057054,-0.0008488,0.0059546,0.030322,0.0238,-0.0020812,-0.17858,-0.11636,0.69207,0.074787,0.052453,0.056332,0.065414,0.68878,0.028349,-0.4598,0.0078275,-0.011783,-0.023624,-0.022943,-0.00094374
0.05,0.0086399,0.0018772,0.0008208968749838515,-0.066649,0.005034635588051895,-0.010530247484558329,-0.052521564728046505,0.005032455956603692,0.0036247966982153185,0.0036528152180059625,-0.017197319325816134,inf,-0.027393947259942476,0.009638480667929435,-0.0039549,0.004711,0.14136,0.013854,-0.00028253,-0.0027773,0.0052354,0.0036958,-0.0084976,-0.21114,-0.10109,0.0031605,0.0082907,0.0059641,-0.025628,-0.085137,-0.43364,-0.0010594,0.027738,-0.013773,-0.013136,0.00084347,0.0092078,0.016817,0.032747,-0.066906,0.56296,0.040368,0.02513,0.036041,0.0074921,0.019219,-9.4089e-05,0.50978,0.54983,0.026219,0.0036258,-0.022719,-0.02188,-0.01877
0.05,-0.00030005,0.0011837,-0.0010947987154732073,-0.061432,-0.0011217980769486718,0.0033464286885961383,0.004215778546410974,-0.00034289106342137466,0.0012878851592446794,0.0007071729892189038,-0.004212064178686923,inf,-0.0058184120282990595,0.004241235992883313,0.00067402,-0.0030298,-0.0011903,-0.0034287,-0.003169,-0.0012842,-0.00086158,-0.0098177,0.010548,-0.25534,0.0035635,0.0018363,-0.0088227,0.001517,0.006181,0.024568,0.012573,-0.0008887,-0.0072331,0.011908,0.011113,-0.0027266,-0.0036229,-0.0054295,0.0045728,0.6967,0.025811,0.074924,-0.023514,-0.0019044,-0.0027277,-0.00022341,-0.003247,-0.02981,-0.017414,-0.0099277,0.03123,0.013383,0.032144,0.025645
0.05,-0.0099313,0.00083629,-0.0016355176877021497,-0.056498,0.003276416514347169,0.00467701007235051,0.050690684502296204,0.0008433393381515965,0.0053250703809478534,0.004893855939704823,0.0022057732650332352,inf,-0.02816016892600899,0.00698076027865683,-5.7357e-05,-0.0098887,-0.13815,-0.0058968,0.010189,-0.0048101,0.0057551,0.00061635,0.0049336,-0.16532,-0.093386,0.015959,0.0035908,-0.006812,0.02049,0.039065,0.40952,0.042932,0.0062461,-0.011011,-0.0041661,-0.0041896,0.0062203,-0.015195,-0.052508,-0.092917,0.54682,0.011738,0.009894,0.024852,2.7015e-06,-0.0071521,0.029358,-0.46263,-0.50668,0.062796,0.024025,-0.012966,-0.013262,-0.010685
0.05,-0.017757,0.0015167,-0.0025339601397171155,-0.044082,0.014808607421660874,0.027339650491757014,0.08114544645880763,0.0026155706729562725,-0.0029286995286586927,0.002611068702359701,0.006143627970187689,-inf,-0.11214488521422823,0.009268611056128416,-0.017711,-0.05492,-0.11454,-0.0065785,0.004453,-0.0035572,-0.006324,0.012926,0.036136,0.13688,-0.28779,-0.041188,-0.0041121,0.011333,0.057014,0.49573,-0.24871,-0.016686,0.062558,-0.0066074,6.155e-05,-0.00092978,-0.005811,-0.086858,0.029249,-0.14115,-0.17256,0.64913,0.072866,0.033758,-0.064539,-0.082872,-0.67002,-0.0067935,0.50454,-0.012652,-0.025747,-0.079241,-0.011788,-0.0025532
0.05,-0.027464,0.0017533,-0.0042778605950051654,-0.019,0.03162709296260087,0.04429548348498426,0.07499999668269834,0.00982464472628823,-0.0026464015616896536,0.01811019415330423,0.01322531445185318,-inf,-0.1988765488108417,0.010368069925052781,0.02619,-0.28076,0.24894,0.0054357,-0.014341,-0.00066223,-0.0017613,0.049632,-0.015759,-0.17488,0.32789,-0.43913,0.032918,-0.070881,0.69712,-0.40701,0.051721,0.00043738,-0.010938,0.062506,-0.032062,-0.0023433,-0.081284,0.032601,-0.001848,0.17223,-0.047008,-0.4775,0.88465,-0.08988,0.037774,-0.99373,0.55128,0.11635,-0.40867,-0.00050158,0.00053194,0.030757,-0.090277,-0.015808
0.05,-0.029272,-0.00028246,-0.006380100066955283,0.021514,0.06560954972843415,0.1951464334660103,-0.056570604467324544,-0.02681194309912165,0.03667765659299061,-0.002334491568084919,0.003472857941673385,-inf,0.11490157779023542,0.3025535841191033,-0.41276,0.24749,0.12566,-0.028913,0.026425,-0.007248,0.088556,-0.059058,-0.0051202,-0.36365,0.1115,0.64987,-0.7105,1.0935,-1.1755,0.21381,0.60965,-0.033339,0.0058257,0.0053463,0.11482,-0.10923,0.12917,-0.049175,0.011125,-0.62281,0.42563,0.70179,-1.7008,1.311,-1.4927,2.0627,-1.0855,-0.0032671,0.6388,-0.010529,0.039528,-0.021151,0.2264,-0.14955
0.05,0.054961,-0.020267,0.06852615139448377,0.064877,0.10720845053734988,-0.1671480956639332,0.24058856114055036,-0.09324151089596978,0.2295028962940712,0.33472398876548926,0.3126819699798313,inf,0.3480522327957472,0.1138850405496445,-0.0098806,-0.28218,0.52893,-0.19535,0.44661,-0.36142,-0.4994,0.74067,-0.53591,0.51596,-0.53304,0.071281,0.14286,0.35371,-0.2182,-0.28102,0.71046,-0.31101,0.77358,-0.82105,0.58569,0.62648,-0.84004,0.79748,-0.45693,0.42304,-0.36415,-0.16811,0.6069,-0.53565,-0.71186,0.8968,-0.53894,0.055809,0.21581,-0.30105,0.10591,-0.50811,0.68479,-0.60803
0.05,0.026805,-0.0085751,0.019379756114997725,-0.02516,0.0309991575791349,-0.04223027590300321,-0.10316007088318706,0.058191835673905734,0.027407711290509295,0.021206982639941748,-0.165596814875467,-inf,-0.19924199634632656,0.023444005907100295,0.024053,0.14658,-0.44827,0.15482,-0.29401,-0.018385,-0.02235,-0.51033,0.47432,-0.53472,0.50856,-0.036606,-0.041999,-0.022824,0.16045,0.28458,-0.6683,0.2389,-0.67618,0.64989,0.072439,0.082368,0.65352,-0.74575,0.39966,-0.35804,0.3887,0.077576,-0.50849,-0.010621,-0.084119,-0.69486,0.4018,0.010961,-0.10611,0.23237,-0.012131,0.58789,-0.49842,-0.065791
0.05,0.018263,-0.011406,0.020079778444617124,-0.038625,0.014213402260885213,-0.004019973607419691,-0.0664891285021998,0.04825454207772778,0.0232389113302715,0.011667260050561862,-0.09569986235512967,-inf,-0.08794494941442312,-0.0015246699646211293,0.001419,0.059497,0.078106,-0.073261,-0.10267,-0.0046205,-0.011732,-0.13732,-0.23675,0.23936,-0.10224,0.030156,-0.016912,-0.00088295,0.10984,0.052248,0.47437,-0.28335,0.40225,0.15471,0.037737,0.026628,0.050423,0.46046,-0.43785,0.35009,-0.20951,-0.26147,-0.21481,-0.024877,-0.059675,-0.20636,-0.44797,0.067308,0.10856,-0.25717,0.056147,-0.39167,0.10916,0.0083975
0.05,0.0087636,-0.011226,0.011911362712494492,-0.054682,-0.0014276438245325815,0.001979858875355606,-0.04215894498293542,0.06020439467824427,0.008864091304018645,-0.0034431254322279,-0.06595267103064696,inf,-0.01500893028236176,0.0044581311098982855,0.0028469,-0.001272,0.12305,-0.15998,-0.039065,0.0097871,-0.012165,-0.016942,-0.23337,0.047707,0.062455,0.025655,-0.01815,0.0051244,0.05931,0.15635,-0.16172,0.16438,0.14762,0.013191,0.040814,-0.0015494,-0.054265,-0.022849,0.55031,-0.42447,-0.017296,-0.21169,-0.08712,-0.053032,-0.024591,0.039329,-0.13574,-0.49768,-0.25318,0.44281,-0.21493,0.19186,0.109,0.081152
0.05,-0.00064431,-0.0066552,-0.00044677114785381507,-0.053398,-0.002552593700703283,-0.003916630686051176,0.0010563912213249302,0.0699103422731722,0.004596543806799725,0.00019469826554239605,-0.0015053797660013158,inf,0.03915283079339253,0.00927078604894528,0.00022245,-0.01448,-0.0055082,-0.11966,0.003466,-0.003816,0.010173,-0.0060905,0.014786,-0.16559,0.072559,0.007356,0.010942,-0.0061562,-0.028596,-7.7445e-05,0.0090666,0.42382,-0.041855,-0.020253,-0.017697,0.0020334,0.0053152,0.0067204,-0.018282,-0.12098,-0.54191,0.031869,0.036826,0.046072,0.0027188,-0.023991,0.0042192,0.011319,-0.024131,-0.46558,0.46456,-0.0279,-0.031934,-0.046633
0.05,-0.014589,-0.013445,-0.013368012625628376,-0.069011,-0.0024318555458901344,-0.0030375555162630826,0.05265374987417413,0.0648933093833185,0.01032519812788884,0.006192756269612505,0.07773510934649519,inf,-0.014599629042618757,0.004272048391122209,0.00064574,0.016624,-0.13505,-0.16693,-0.025728,-0.0028528,-0.0095576,-0.0060296,0.23252,0.045594,0.037014,0.040873,-0.022626,-0.0034016,0.0015537,-0.16761,0.18602,0.1372,0.15297,0.024693,0.024518,-0.0099539,0.00039751,-0.0098811,-0.55475,-0.46674,0.017505,-0.22592,-0.071506,-0.023267,0.0078805,0.019063,0.15308,0.52804,0.2887,0.47861,-0.29579,0.18986,0.076462,0.076019
0.05,-0.018735,-0.0087956,-0.020995842148377682,-0.033228,0.009870465379021897,0.004975482918731143,0.06800461960736487,0.04748036460949238,0.016410900193530413,-0.006729906816742608,0.07499553491883167,-inf,-0.07629935461697336,-0.0017896565894756336,0.002351,-0.036515,-0.053558,-0.044654,-0.10628,-0.0027977,0.0078366,0.1098,0.23399,0.23585,-0.091425,0.017924,-0.012448,0.017405,-0.068627,-0.03231,-0.46723,-0.27847,0.36857,0.1209,0.036563,-0.031679,-0.067193,-0.44645,0.44364,0.34835,-0.21421,-0.24399,-0.18299,-0.017629,0.05734,0.19342,0.46068,-0.073495,-0.14084,-0.2581,0.080234,-0.33775,0.096688,-0.011146
0.05,-0.023892,-0.0071451,-0.01970562857878607,-0.021491,0.023060260231029375,0.02314980489378109,0.08603049927140166,0.03675377289140254,0.04010868759877169,-0.0022262954685738643,0.16618908717583583,-inf,-0.16660753142753168,0.037680542222812884,-0.019724,-0.13872,0.41004,0.14856,-0.27652,0.0044628,0.009132,0.4554,-0.44655,-0.51582,0.44225,-0.0059919,-0.029122,0.061553,-0.22328,-0.23129,0.61866,0.25228,-0.63498,0.59904,0.048057,-0.041825,-0.60795,0.69902,-0.39905,-0.36061,0.33747,0.1171,-0.49633,0.070907,0.036667,0.72792,-0.41968,0.0024202,0.10499,0.21546,-0.030017,0.5007,-0.46133,-0.079605
0.05,-0.051964,-0.015026,-0.07434719914578439,0.069041,0.09293322452249407,0.1428823192870033,-0.2363447222385579,-0.10557996429597163,0.21221802364679976,-0.33196095310161655,-0.29782475631738736,inf,0.3484785882538129,0.08343876610158729,-0.0091707,0.24956,-0.49964,-0.18402,0.42627,-0.34198,0.45127,-0.69272,0.52235,0.46998,-0.52983,0.084578,0.19222,-0.36347,0.22963,0.24603,-0.63786,-0.26866,0.7083,-0.82824,0.53052,-0.54651,0.74881,-0.77574,0.46609,0.36438,-0.35889,-0.15164,0.6267,-0.52878,0.68889,-0.85913,0.49785,-0.08482,-0.18522,-0.27928,0.067676,-0.48052,0.54887,-0.48583
0.05,0.045236,-0.020515,0.06353306108821576,0.054965,0.07065727740556217,-0.0429698546373977,0.21918384361847912,-0.05912175587500882,0.18252890374327818,0.2463615610990653,0.2214468326464182,inf,0.264035844387786,-0.03730354346788992,-0.21861,-0.14126,0.51151,-0.080674,0.29007,-0.24908,-0.28542,0.45736,-0.31754,0.48445,-0.48176,-0.12876,0.45889,0.72981,-0.53499,-0.16897,0.76372,-0.086378,0.40582,-0.66358,0.21875,0.10268,-0.63746,0.45024,-0.2042,0.4332,-0.43498,-0.24664,1.0878,-0.91462,-1.0043,1.3989,-0.6763,-0.015267,0.31689,-0.11652,-0.029473,-0.46119,0.45399,0.12486
0.05,0.026336,-0.023277,0.06680988975186518,-0.0042749,0.029298398229708717,0.02063556736591768,0.0005341439422382086,0.011922937836972368,0.1426683010896315,0.15509931382501257,0.020022584213958566,-inf,-0.008621638257157989,-0.05444852851148574,-0.12577,-0.050937,-0.21309,0.13923,0.0073314,-0.085619,0.067466,0.014038,0.20233,-0.43746,0.11012,0.20022,0.2539,0.23326,0.27712,-0.12794,-0.47445,0.29572,-0.26965,-0.2067,-0.41234,-0.75354,-0.14495,-0.14937,0.28779,-0.50393,0.11222,0.52946,-0.16838,-0.010718,0.25441,-0.22171,0.55994,-0.19454,-0.2671,0.19203,-0.1948,-0.12471,-0.11304,1.0723
0.05,0.011859,-0.012095,0.0168669173386743,-0.033972,0.005180709359688285,-0.01716053782149714,-0.0804624898704815,0.1316797246069314,0.01018996751074227,0.0053648030580569885,-0.25959168909783276,-inf,0.021736819410637383,-0.0036696962137853623,-0.030483,-0.25566,-0.22904,0.27029,-0.18849,-0.015918,0.00084992,0.047533,0.41914,-0.27872,-0.039355,0.40332,0.034368,0.013433,0.24828,-0.29558,-0.15724,0.20985,-0.23479,-0.34545,-0.017238,0.015753,-0.51364,0.031594,0.099504,-0.032296,-0.02634,0.18642,0.13475,0.075545,0.13123,0.47904,-0.095055,0.083841,0.11402,-0.076271,0.089665,0.011727,0.38289,-0.19935
0.05,0.009049,-0.018441,0.018005057091831356,-0.048251,-0.007723726439678477,0.007185469641351463,-0.0322682493998765,0.1414945409083299,0.018217218029277164,-7.628987679051283e-05,-0.10700848283068284,-inf,0.11172096607306582,0.012587166762924634,-0.016605,-0.11816,0.038708,0.0048164,0.072871,-0.011966,0.021657,0.17632,-0.18955,0.12305,0.04926,0.027891,0.059154,-0.013104,-0.16698,0.37915,0.24394,-0.37321,0.020046,-0.17996,-0.10853,-0.039502,0.15198,-0.46053,-0.43598,0.23594,0.1825,-0.13622,0.30162,0.16637,0.038575,-0.028993,0.41286,0.26282,0.046326,-0.072495,0.0485,0.28518,-0.45027,-0.10627
0.05,-0.0017672,-0.026705,0.001596292298542442,-0.053995,-0.024190059029080124,-0.0018347495656384726,-0.0012784854571958688,0.10104679232376507,-0.023871284719805822,-0.005974722663265323,0.002263362295090376,-inf,0.0965244393891552,0.015692573173668258,0.0082815,0.000719,0.0020775,-0.17165,0.045704,0.0056723,-0.017007,-0.032655,0.0016758,0.20544,0.36126,-0.058521,-0.039702,0.032428,0.029862,0.01362,0.0061456,-0.37733,-0.5222,0.12477,0.08949,0.0032408,-0.061078,-0.019812,-0.011229,-0.030206,0.25597,0.59435,-0.23058,-0.089173,0.0046597,0.048615,0.029315,0.010287,0.01682,0.0052444,-0.38867,-0.5366,0.30216,0.087734
0.05,-0.0093818,-0.016802,-0.016933298766483036,-0.036341,-0.009883315022004022,-0.018420132853512756,0.03495833307545641,0.10825783206207498,0.0034504886485359865,0.01278683663020533,0.07892973517787745,-inf,0.08698625871300125,0.0051128039477741204,0.00025591,0.098405,-0.019634,0.015115,0.056563,-0.010413,0.023392,-0.10163,0.20226,0.14356,0.061548,0.035763,0.037175,-0.023955,0.087513,-0.37805,-0.25009,-0.37057,0.041844,-0.14103,-0.088507,0.031353,-0.025112,0.47812,0.45312,0.28416,0.19235,-0.17136,0.25933,0.09917,-0.057626,-0.057067,-0.44601,-0.30511,-0.073118,-0.077769,0.12131,0.33789,-0.33616,-0.053199
0.05,-0.014683,-0.01384,-0.017529524681710592,-0.031429,0.0020807936017747945,-0.014081876255041152,0.06947141092185133,0.11183235459119314,0.0214552940777388,-0.0007546370177022616,0.2546644876202962,-inf,0.025781105470002782,0.02383671294347838,-0.0021959,0.22483,0.22165,0.26072,-0.19362,-0.015151,0.016526,-0.012382,-0.43679,-0.32856,-0.035623,0.40281,0.022929,-0.064329,-0.31656,0.2701,0.17635,0.23376,-0.26517,-0.38788,-0.00038084,-0.0027784,0.55463,0.012349,-0.1193,-0.088397,-0.031858,0.2633,0.12136,0.10064,-0.075139,-0.52931,0.011785,-0.079565,-0.085634,-0.06428,0.045009,-0.029625,0.32806,-0.1779
0.05,-0.027687,-0.021439,-0.06496207218868018,0.010222,0.01701729133802189,-0.036290534192397465,-0.013539701327477017,-0.04818498707081601,0.14650794259326552,-0.12015785539252342,-0.03585389678743465,-inf,-0.030410107586143896,-0.07386154773133284,0.11996,-0.0041302,0.18317,0.037478,0.01318,-0.061058,-0.07148,-0.032932,-0.17391,-0.30943,0.18722,0.11757,0.18029,-0.19926,-0.25094,0.066232,0.4384,0.14044,-0.22904,-0.087446,-0.25954,0.63208,0.16191,0.1432,-0.27672,-0.36016,0.21593,0.39273,-0.29964,-0.14149,-0.32176,0.20827,-0.51165,0.16726,0.25141,0.16892,-0.088879,-0.019902,0.1646,1.0626
0.05,-0.044126,-0.016805,-0.06910910102414958,0.063162,0.06239713898290359,0.04290877335799459,-0.20819160515102322,-0.08412829292515961,0.16279561104934823,-0.22042732536291362,-0.22038830342873772,inf,0.2533769579361453,-0.0689931888095873,0.17062,0.11698,-0.46878,-0.10981,0.26255,-0.20198,0.17034,-0.38745,0.29634,0.49591,-0.44501,-0.15576,0.41007,-0.67065,0.5599,0.14873,-0.68045,-0.11405,0.35157,-0.49766,0.13599,-0.016172,0.41291,-0.38006,0.18091,0.44967,-0.39017,-0.28498,0.97631,-0.82757,0.87574,-1.3132,0.64937,-0.0077868,-0.30127,-0.074055,-0.027337,-0.28676,0.27284,0.26612
0.05,0.042156,-0.054698,0.1401734368310292,0.073389,-0.0005461219490448953,0.2472140970436938,0.203936171060774,-0.33194371015960833,0.17751856073389086,-0.04459430134335532,0.47151175878512663,inf,-0.060166064083769955,-0.427990253184977,-0.32726,0.43232,0.37573,-0.52264,0.40464,0.45057,0.74382,-0.079568,-0.64351,0.58176,0.15177,-0.94709,-0.16384,-0.77963,-0.87913,0.5425,0.40531,-0.69687,0.52279,1.174,-0.42054,0.17477,1.4118,-0.034823,-0.40066,0.53143,0.1802,-0.96017,-0.42439,1.2321,1.3234,-1.038,-0.44789,0.24103,0.15609,-0.21712,0.35815,0.73428,-0.45272,-1.2371
0.05,0.028794,-0.052858,0.10179772994727336,0.016229,-0.03987874577196937,0.18671061352682317,0.053101324140887,-0.08826076757493964,0.02786496589524949,-0.18393336916879302,0.10614905791823273,-inf,-0.09091725603636637,-0.07301450886209887,0.14462,0.11882,-0.016975,0.044955,-0.026545,0.18432,0.0067792,-0.11883,0.063925,-0.21922,0.042783,0.13786,-0.36151,-0.24968,0.32647,-0.089261,-0.14145,0.22405,-0.13304,-0.1264,0.38546,0.61777,-0.33839,0.010797,0.19007,-0.30073,-0.039313,0.39787,-0.097973,-0.37157,-1.1555,0.19144,0.22273,-0.17529,-0.13856,0.15685,-0.18032,-0.32908,0.19097,0.10899
0.05,0.014305,-0.057421,0.04430296491955044,-0.017556,-0.060613947961516625,0.08897396310027994,-0.026722270856644286,0.06154559665934742,-0.05765137401254558,-0.06251983717258884,-0.22002285881787184,-inf,0.14627646687005927,-0.020742181496819074,0.051439,-0.34508,-0.19771,0.359,0.16333,0.07178,-0.11348,0.58526,0.59208,-0.40247,-0.38497,-0.21184,-0.22572,0.086748,-0.77649,-0.87712,-0.34665,0.40356,0.3316,0.21305,0.44483,-0.053351,0.74308,0.97567,0.57067,-0.12631,-0.20159,-0.17968,-0.14266,-0.57813,-0.0047584,-0.59345,-0.75746,-0.35702,-0.065791,-0.040732,0.15295,0.06717,0.1433,0.80689
0.05,-0.0010755,-0.016478,-0.0009340953134235125,-0.037327,-0.013075117849544385,-0.01693602284855596,-0.0025500138014376518,0.18292966817796846,-0.012869933506184131,0.004229633108825327,-0.014142706440509597,-inf,0.2813946023233152,0.015135533346682729,-0.032498,-0.053009,-0.018007,0.47409,0.34388,-0.013072,0.053485,0.073072,0.04474,-0.43128,-0.55449,-0.38745,0.097716,-0.033399,-0.12558,-0.096505,-0.024423,0.45152,0.53344,0.4329,-0.16554,0.020173,0.17255,0.1053,0.04808,-0.10348,-0.19693,-0.37359,-0.37855,0.26776,0.035528,-0.14118,-0.10908,-0.019992,-0.0020131,0.096295,0.21421,0.21458,0.30279,-0.3379
0.05,-0.0079085,-0.026383,-0.011693390242271624,-0.016141,-0.028471657049160853,-0.031144849114032234,0.03186589636736519,0.057983170653170414,-0.019269552208271458,-0.018010341874362294,0.18924990227530353,-inf,0.11194876170351803,0.023050090541379506,0.0352,0.31754,0.15209,0.27788,0.13312,0.028341,-0.041158,-0.54194,-0.48501,-0.35018,-0.3294,-0.078587,-0.071212,0.01968,0.75824,0.73701,0.27319,0.40187,0.24874,0.0085405,0.12762,-0.0056835,-0.80591,-0.85559,-0.46549,-0.20255,-0.23026,-0.050144,0.10473,-0.20166,-0.072496,0.66083,0.69861,0.29276,0.040192,-0.0063587,0.0013968,-0.12487,-0.19757,0.30283
0.05,-0.021938,-0.034507,-0.06686058102401003,0.019381,-0.03297994216713374,-0.15375808871153654,-0.028414008823312863,-0.08129317036082095,0.025400331146295217,0.129516612824314,-0.03500455310562912,-inf,-0.05720228457098803,-0.07084918267997725,-0.060509,-0.0034586,0.065768,0.017964,-0.03803,0.15585,-0.079517,-0.015508,-0.17416,-0.14163,0.017419,0.092134,-0.31468,0.31096,-0.025259,0.25638,0.19032,0.12779,-0.11998,-0.044246,0.45963,-0.61412,0.064499,-0.23179,-0.27706,-0.16681,0.0036938,0.2761,-0.16062,-0.51974,0.95549,0.021551,0.05334,0.19838,0.11206,0.12857,-0.083683,-0.18149,0.37515,0.26158
0.05,-0.039198,-0.038549,-0.11925363159086881,0.063195,-0.00484807331871712,-0.1947007052109065,-0.16556769311898975,-0.22204679923900372,0.17573494348135818,0.021094819806061767,-0.4620228004409195,inf,-0.015448685483395166,-0.3348884773298035,0.28313,-0.34552,-0.32475,-0.31743,0.33893,0.31153,-0.64543,0.010858,0.6463,0.36253,-0.00087908,-0.77379,-0.047454,0.73923,0.78691,-0.42594,-0.36093,-0.3369,0.46226,0.80566,-0.61884,-0.13207,-1.3089,-0.033805,0.41085,0.24758,-0.021574,-0.69579,-0.061216,1.3388,-1.1329,1.0468,0.38638,-0.16974,-0.13612,-0.15383,0.12953,0.35648,-0.89512,-1.4358
0.05,0.017473,-0.039097,0.06734818278464148,0.026572,-0.03812828497327272,0.14339408135767803,0.07324680421826867,-0.1566348514345822,-0.027487163331758473,-0.1717185629913756,0.1993689375347967,inf,-0.10764135341860356,-0.02775532500186031,0.11111,0.24454,0.12945,-0.17667,-0.028532,0.069457,-0.073794,-0.30098,-0.26936,0.077357,0.11858,-0.017631,-0.075981,0.046909,0.24598,0.31934,0.14622,-0.11322,-0.031006,0.065354,0.020901,-0.042267,-0.18062,-0.29804,-0.17997,-0.015007,0.030232,0.030349,-0.014473,0.092434,0.068154,0.15471,0.18302,0.10112,0.024323,0.0071164,-0.045661,-0.044835,-0.091547,-0.13553
0.05,0.019499,-0.065303,0.08802056633933295,0.043634,-0.10149399610171551,0.21503912040675494,0.09725348198516806,-0.2846311848059248,-0.19139834589905444,-0.3764567700054675,0.32577496827947444,inf,-0.2611244456884236,0.14950658957249355,0.33865,0.44881,0.2122,-0.33185,-0.25141,-0.10965,-0.47717,-0.73959,-0.55607,0.11245,0.28851,0.26721,0.11926,0.56025,0.77266,0.74631,0.31495,-0.22776,-0.22652,-0.18772,-0.075611,-0.64664,-0.74915,-0.83506,-0.50151,-0.034749,0.072966,0.18966,0.20039,0.14614,0.71513,0.60695,0.51234,0.34249,0.11823,-0.034176,-0.081453,-0.10203,-0.17892,-0.034067
0.05,-0.0028013,-0.047437,0.005832151553770443,0.054541,-0.10095697800350041,-0.014895412862875091,-0.0032329703897637594,-0.2997367178287212,-0.23248640151648953,-0.07401379196641177,0.06872248915024422,inf,-0.365228266963534,0.27757741660545715,0.098,0.087764,0.019402,-0.43843,-0.40315,-0.27322,-0.15209,-0.24589,-0.14846,0.2967,0.48645,0.52084,0.33967,0.20589,0.4538,0.23085,0.046283,-0.39315,-0.44749,-0.4794,-0.34936,-0.13445,-0.48673,-0.34844,-0.14135,0.092706,0.19755,0.31644,0.33527,0.26053,-0.094897,0.3721,0.35452,0.079975,-0.0083589,-0.017996,-0.10573,-0.087837,-0.15098,-0.30167
0.05,-0.016159,-0.044841,-0.06301769982140976,0.044025,-0.08019510674361291,-0.22005769039014614,-0.0922895818924277,-0.2231657276110627,-0.13489659427927767,0.3429857389683561,-0.30597795160118824,inf,-0.25288969455549887,0.1278654110447043,-0.37237,-0.48576,-0.21276,-0.29976,-0.21073,-0.09605,0.53324,0.81056,0.5716,0.23281,0.33499,0.18643,0.02406,-0.65845,-1.0279,-0.85534,-0.31941,-0.29671,-0.2266,-0.11329,0.025065,0.67769,1.0125,0.99504,0.54991,0.12189,0.15663,0.065178,0.0040574,-0.043107,-0.57176,-0.84158,-0.74218,-0.38235,-0.097157,-0.050911,0.0021082,0.055957,0.10676,0.186
0.05,-0.017559,-0.035689,-0.06044692816263506,0.032014,-0.04424762438589093,-0.17168792048443507,-0.06739123414857962,-0.1520532933706109,-0.017886438102443825,0.23722439365615955,-0.22273218955360163,inf,-0.12242492438741635,-0.039427786452359684,-0.24328,-0.31344,-0.11003,-0.17104,-0.027892,0.080898,0.28952,0.50288,0.32834,0.10829,0.15533,-0.056302,-0.1832,-0.26369,-0.73682,-0.46374,-0.11461,-0.15126,-0.0408,0.12492,0.2094,0.14323,0.75075,0.55633,0.24651,0.040603,0.092178,-0.015338,-0.20507,-0.14371,0.1637,-0.52618,-0.55034,-0.13071,0.027443,0.0068669,0.010005,0.033838,0.17546,0.16771
